{
  "config": {
    "run_name": "exp1_2",
    "out_dir": "./results",
    "seed": 191197683,
    "device": null,
    "bs_train": 128,
    "bs_test": 32,
    "batches": 100,
    "epochs": 100,
    "early_stopping": 3,
    "checkpoints": null,
    "lr": 0.001,
    "reg": 0.001,
    "filters_per_layer": [
      32
    ],
    "pool_every": 2,
    "hidden_dims": [
      100
    ],
    "model_type": "cnn",
    "conv_params": null,
    "pooling_params": null,
    "kw": {},
    "layers_per_block": 2
  },
  "results": {
    "num_epochs": 0,
    "train_loss": [
      1.8866274559497833,
      1.557420667409897,
      1.4119642686843872,
      1.3187388372421265,
      1.2480991768836975,
      1.2003873944282533,
      1.1739229875802994,
      1.1302062392234802,
      1.0757440847158433,
      1.0668093752861023,
      1.011774798631668,
      0.9831829100847245,
      0.9668029099702835,
      0.9297893846035004,
      0.924175586104393,
      0.9180643606185913,
      0.8890665197372436,
      0.8604766225814819,
      0.857233756184578,
      0.8460861039161682,
      0.8292207926511764,
      0.8020097178220749,
      0.7984847849607468,
      0.7934923315048218,
      0.7678131520748138,
      0.7348518961668015,
      0.7341137993335723,
      0.7299103158712387,
      0.7122719693183899,
      0.7073994237184524,
      0.6863192176818848,
      0.6809194070100785,
      0.6727417635917664,
      0.665851519703865,
      0.6443067464232445,
      0.6184495139122009,
      0.6265072992444038,
      0.6165047287940979,
      0.6073382487893104,
      0.6023963424563408,
      0.5800335821509361,
      0.5815483820438385,
      0.5618985906243325,
      0.5664215487241745,
      0.5555765929818154,
      0.5354673516750336,
      0.5156404626369476,
      0.5247269660234452,
      0.4968467167019844,
      0.4924860289692879,
      0.4939203265309334,
      0.4915733164548874,
      0.4949809867143631,
      0.4516169846057892,
      0.44882875606417655,
      0.45001825809478757,
      0.44703070268034933,
      0.43237691193819044,
      0.42960855811834336,
      0.4120310452580452,
      0.41495527178049085,
      0.3969690778851509,
      0.3984514583647251,
      0.3812186029553413,
      0.3968351066112518,
      0.3843765811622143,
      0.37294586732983587,
      0.37322871580719946,
      0.3750762848556042,
      0.34983332857489585,
      0.3618218846619129,
      0.3638509836792946,
      0.3428558948636055,
      0.334373729377985,
      0.32699829190969465,
      0.33811371520161626,
      0.3312249819934368,
      0.33098835572600366,
      0.3148970100283623,
      0.3103306245803833,
      0.3024202734231949,
      0.2976869323849678,
      0.2993919436633587,
      0.2956121180951595,
      0.29417593985795976,
      0.28937961846590043,
      0.27562312692403795,
      0.28749586284160616,
      0.27774726927280424,
      0.27589511275291445,
      0.2661536540091038,
      0.2634725996851921,
      0.2772052651643753,
      0.2643716548383236,
      0.2633152371644974,
      0.25376668766140936,
      0.25678880661726,
      0.24602430880069734,
      0.24916010171175004,
      0.2565696196258068
    ],
    "train_acc": [
      33.640625,
      44.7890625,
      50.9609375,
      54.296875,
      57.03125,
      59.4765625,
      60.6953125,
      61.265625,
      63.6640625,
      64.203125,
      66.4921875,
      67.078125,
      67.9375,
      69.125,
      69.9609375,
      70.0625,
      71.0234375,
      71.953125,
      71.703125,
      72.46875,
      73.1015625,
      74.53125,
      74.7265625,
      74.5625,
      75.6640625,
      76.953125,
      76.8359375,
      76.921875,
      77.796875,
      78.34375,
      78.75,
      78.96875,
      79.7109375,
      79.671875,
      80.921875,
      81.4765625,
      81.1953125,
      81.34375,
      81.9453125,
      82.453125,
      82.8828125,
      82.7890625,
      83.53125,
      83.5078125,
      84.0078125,
      84.6484375,
      85.234375,
      85.1015625,
      86.2578125,
      86.5703125,
      86.203125,
      86.203125,
      86.0625,
      88.0625,
      88.1640625,
      88.140625,
      88.046875,
      89.1640625,
      89.1171875,
      89.6484375,
      89.4453125,
      90.1484375,
      89.953125,
      90.6484375,
      90.25,
      90.6484375,
      90.9765625,
      91.15625,
      90.953125,
      91.8828125,
      91.6015625,
      91.5625,
      92.1171875,
      92.203125,
      92.6171875,
      92.421875,
      93.0703125,
      92.671875,
      93.0078125,
      93.4765625,
      93.8828125,
      93.9375,
      93.6171875,
      93.8203125,
      93.9921875,
      93.984375,
      94.5625,
      94.28125,
      94.71875,
      94.6171875,
      94.9609375,
      95.0546875,
      94.5078125,
      95.15625,
      95.2265625,
      95.1875,
      95.328125,
      95.5703125,
      95.671875,
      95.4375
    ],
    "test_loss": [
      1.656712862253189,
      1.444100888967514,
      1.3669937986135483,
      1.2811576718091964,
      1.208391279578209,
      1.188846181035042,
      1.147381179332733,
      1.1683303332328796,
      1.0959953451156617,
      1.0839465934038162,
      1.099340662956238,
      1.0470936888456344,
      1.0391616600751876,
      1.0242495346069336,
      1.0122730672359466,
      1.0119821709394454,
      0.9798339813947677,
      0.9772362962365151,
      1.0034142577648162,
      0.9930596393346787,
      0.9980869275331498,
      0.9546277078986168,
      1.0009095400571824,
      0.9783900046348571,
      0.966201057434082,
      0.9604560455679894,
      1.0098104256391525,
      0.964609788954258,
      0.9514275878667832,
      0.9614639556407929,
      0.9726581859588623,
      0.9874751323461533,
      1.0025103977322578,
      0.960028222501278,
      0.9986844366788864,
      1.0155787062644959,
      0.9680094400048256,
      1.0161626240611077,
      0.9908904305100441,
      0.9694727525115013,
      0.9897443380951881,
      1.015923437476158,
      1.0008943837881088,
      0.9956142890453339,
      1.0426282140612602,
      1.0525352117419242,
      0.9964552918076515,
      0.9940357625484466,
      1.0404772752523421,
      1.0102894389629364,
      1.07135382771492,
      1.0101988342404367,
      0.993809987604618,
      1.0142396548390389,
      1.038171068429947,
      1.0384080216288567,
      1.0746458974480628,
      1.0329420563578606,
      1.0724097979068756,
      1.1086471638083457,
      1.0771853655576706,
      1.095404397547245,
      1.1122764775156975,
      1.1218671521544457,
      1.1142233031988145,
      1.1203495407104491,
      1.1393498909473418,
      1.1236542320251466,
      1.143417988717556,
      1.1497069963812827,
      1.1636976099014282,
      1.1286644339561462,
      1.1619698882102967,
      1.1418887335062027,
      1.1310098427534103,
      1.1598554304242135,
      1.1983197402954102,
      1.1469296500086785,
      1.1874768579006194,
      1.2077245569229127,
      1.2033051881194115,
      1.1916053122282029,
      1.2419337189197541,
      1.265442326068878,
      1.2656562715768813,
      1.236978908777237,
      1.2513247498869895,
      1.23540284126997,
      1.2127886879444123,
      1.2649135082960128,
      1.2803253656625748,
      1.276209453344345,
      1.2527654081583024,
      1.2560161989927292,
      1.2736834192276,
      1.302950934767723,
      1.288117815554142,
      1.3065860277414323,
      1.3086660236120224,
      1.314777366220951
    ],