{
  "config": {
    "run_name": "exp1_4",
    "out_dir": "./results",
    "seed": 899376248,
    "device": null,
    "bs_train": 128,
    "bs_test": 32,
    "batches": 100,
    "epochs": 100,
    "early_stopping": 3,
    "checkpoints": null,
    "lr": 0.001,
    "reg": 0.001,
    "filters_per_layer": [
      32
    ],
    "pool_every": 8,
    "hidden_dims": [
      100
    ],
    "model_type": "cnn",
    "conv_params": null,
    "pooling_params": null,
    "kw": {},
    "layers_per_block": 8
  },
  "results": {
    "num_epochs": 0,
    "train_loss": [
      2.303563964366913,
      2.3032766675949095,
      2.302996423244476,
      2.30301677942276,
      2.302891433238983,
      2.302757124900818,
      2.302793946266174,
      2.3026818346977236,
      2.302718997001648,
      2.3025963068008424,
      2.3026521134376527,
      2.3027316880226136,
      2.302685022354126,
      2.302729549407959,
      2.3026370334625246,
      2.3027106094360352,
      2.3026721358299254,
      2.3026730489730833,
      2.302646906375885,
      2.3027283263206484,
      2.302691571712494,
      2.3027080631256105,
      2.3026565217971804,
      2.3026552867889403,
      2.3026260924339295,
      2.3026540160179136,
      2.3026333236694336,
      2.302706408500671,
      2.3026613116264345,
      2.302664091587067,
      2.302688536643982,
      2.302727997303009,
      2.302631595134735,
      2.3026543259620667,
      2.302647249698639,
      2.3027458953857423,
      2.3027122116088865,
      2.3026164054870604,
      2.302731816768646,
      2.3027131175994873,
      2.3025579190254213,
      2.302801260948181,
      2.302632007598877,
      2.302573821544647,
      2.3026630806922914,
      2.3027565407752992,
      2.3027182269096373,
      2.3025831413269042,
      2.3027274680137633,
      2.3026381278038026,
      2.3024865221977233,
      2.3027801084518433,
      2.3027080154418944,
      2.3025674271583556,
      2.3025807762145996,
      2.3026727628707886,
      2.3026799941062928,
      2.302544422149658,
      2.302777214050293,
      2.302695610523224,
      2.302530884742737,
      2.3027454590797425,
      2.3027038097381594,
      2.302657084465027,
      2.302665281295776,
      2.302587671279907,
      2.302655827999115,
      2.3027577948570253,
      2.3026173067092897,
      2.3026796483993532,
      2.30275839805603,
      2.3026404571533203,
      2.302678577899933,
      2.3028396010398864,
      2.302674150466919,
      2.302703845500946,
      2.3025689458847047,
      2.3025881958007814,
      2.3027841353416445,
      2.3026123690605163,
      2.302672600746155,
      2.3026612329483034,
      2.3026852893829344,
      2.3026049757003784,
      2.3026881408691406,
      2.3026151967048647,
      2.302488429546356,
      2.3028324890136718,
      2.3027392625808716,
      2.302634072303772,
      2.302646656036377,
      2.302708249092102,
      2.3026753807067872,
      2.3027121949195863,
      2.3026642274856566,
      2.3026317310333253,
      2.302629783153534,
      2.3027232885360718,
      2.3026352190971373,
      2.3026929926872253
    ],
    "train_acc": [
      10.4375,
      9.671875,
      9.84375,
      9.78125,
      10.2265625,
      10.171875,
      9.9921875,
      9.8046875,
      9.8671875,
      10.1875,
      10.4140625,
      9.9765625,
      10.1796875,
      10.1015625,
      10.359375,
      9.7265625,
      10.2421875,
      10.078125,
      10.1171875,
      9.8984375,
      10.140625,
      9.7890625,
      9.7890625,
      9.78125,
      10.125,
      10.046875,
      10.0078125,
      10.0390625,
      10.140625,
      10.1796875,
      9.75,
      9.6640625,
      10.28125,
      9.8984375,
      10.3046875,
      10.03125,
      10.0234375,
      10.28125,
      9.8828125,
      10.03125,
      10.40625,
      9.71875,
      10.046875,
      10.28125,
      10.234375,
      10.0625,
      9.9453125,
      9.71875,
      10.140625,
      9.9375,
      9.84375,
      9.859375,
      9.8359375,
      10.28125,
      10.3984375,
      10.2265625,
      10.1171875,
      9.65625,
      10.015625,
      9.875,
      10.0703125,
      9.8046875,
      10.15625,
      9.796875,
      9.7734375,
      10.2109375,
      9.9765625,
      9.71875,
      10.25,
      10.09375,
      9.734375,
      9.8359375,
      10.0,
      9.8203125,
      10.28125,
      10.1015625,
      9.703125,
      10.046875,
      9.71875,
      9.9453125,
      9.8984375,
      9.9453125,
      9.9609375,
      9.9921875,
      10.046875,
      10.125,
      10.3671875,
      9.921875,
      9.8984375,
      10.0546875,
      10.2734375,
      9.5078125,
      10.2734375,
      9.6484375,
      9.9453125,
      9.9296875,
      9.9765625,
      9.84375,
      10.09375,
      9.7421875
    ],
    "test_loss": [
      2.3025792336463926,
      2.3027556276321413,
      2.302611131668091,
      2.302829711437225,
      2.302734875679016,
      2.302590239048004,
      2.3026708650588987,
      2.3026246356964113,
      2.3027387714385985,
      2.3026852202415466,
      2.3027609992027283,
      2.3026069140434267,
      2.302546079158783,
      2.3027217960357667,
      2.30280149936676,
      2.302694408893585,
      2.302821009159088,
      2.302677414417267,
      2.302733085155487,
      2.302678210735321,
      2.3026410794258116,
      2.3026195526123048,
      2.302529535293579,
      2.3024709963798524,
      2.3025064182281496,
      2.302669715881348,
      2.3026271867752075,
      2.3025596237182615,
      2.3026264667510987,
      2.3027195048332216,
      2.3026059961318968,
      2.3025223851203918,
      2.302579596042633,
      2.302664752006531,
      2.3026365184783937,
      2.3025579190254213,
      2.3026611971855164,
      2.3025340485572814,
      2.3026124119758604,
      2.3026307249069213,
      2.3026471400260924,
      2.302669651508331,
      2.30275102853775,
      2.302910943031311,
      2.302804193496704,
      2.3027037358283997,
      2.302695610523224,
      2.3028217482566835,
      2.3027373361587524,
      2.3027143549919127,
      2.3027028608322144,
      2.3025438165664673,
      2.3026162600517273,
      2.302747130393982,
      2.3028192472457887,
      2.3027706956863403,
      2.302795338630676,
      2.302850077152252,
      2.302575867176056,
      2.302532036304474,
      2.3025720429420473,
      2.3026120853424072,
      2.302633090019226,
      2.3026404428482055,
      2.3025946497917174,
      2.302483263015747,
      2.3024391388893126,
      2.302605483531952,
      2.3025991892814637,
      2.302788121700287,
      2.3026267004013063,
      2.302534110546112,
      2.302488176822662,
      2.302541060447693,
      2.302474412918091,
      2.302509307861328,
      2.302577750682831,
      2.3026291346549987,
      2.3026505589485167,
      2.3026077914237977,
      2.302430546283722,
      2.3024501609802246,
      2.302550046443939,
      2.3026138663291933,
      2.3026053071022035,
      2.302633421421051,
      2.3026727557182314,
      2.3027304935455324,
      2.3026181435585023,
      2.302530927658081,
      2.302541320323944,
      2.302682890892029,
      2.302607288360596,
      2.3025768256187438,
      2.3025925874710085,
      2.302542073726654,
      2.3026242852211,
      2.302557210922241,
      2.3025415682792665,
      2.30251335144043
    ],