{
  "config": {
    "run_name": "exp1_3",
    "out_dir": "./results",
    "seed": 1796342961,
    "device": null,
    "bs_train": 128,
    "bs_test": 32,
    "batches": 100,
    "epochs": 100,
    "early_stopping": 3,
    "checkpoints": null,
    "lr": 0.001,
    "reg": 0.001,
    "filters_per_layer": [
      64,
      128
    ],
    "pool_every": 2,
    "hidden_dims": [
      100
    ],
    "model_type": "cnn",
    "conv_params": null,
    "pooling_params": null,
    "kw": {},
    "layers_per_block": 3
  },
  "results": {
    "num_epochs": 0,
    "train_loss": [
      2.240251989364624,
      1.9559169471263886,
      1.8175080156326293,
      1.693773124217987,
      1.6064402854442597,
      1.563403308391571,
      1.5120335352420806,
      1.4640749132633208,
      1.3961737167835235,
      1.3617644536495208,
      1.3375403094291687,
      1.2895521235466003,
      1.2650785112380982,
      1.2256310784816742,
      1.193397158384323,
      1.161535222530365,
      1.1276363724470138,
      1.0865361374616622,
      1.0697758746147157,
      1.0376692289113998,
      1.004887678027153,
      0.9813295239210129,
      0.9631612813472747,
      0.9239948374032975,
      0.9201166296005249,
      0.8786666053533554,
      0.8743210631608963,
      0.8458791291713714,
      0.8260254341363907,
      0.8064063590764999,
      0.789922034740448,
      0.7638838458061218,
      0.7586475259065628,
      0.7396694898605347,
      0.7253435099124909,
      0.7107144537568092,
      0.7073336160182953,
      0.6785692685842514,
      0.6674340599775315,
      0.6713502052426338,
      0.6584765207767487,
      0.6568744036555291,
      0.650000247657299,
      0.6322453615069389,
      0.6284535455703736,
      0.6127619308233261,
      0.5838101837038994,
      0.576746581196785,
      0.5776129719614983,
      0.5557206374406815,
      0.5496097978949547,
      0.52019829839468,
      0.5414611437916755,
      0.5326632133126259,
      0.5331829953193664,
      0.5163408583402633,
      0.4782508608698845,
      0.5038459141552448,
      0.501124846637249,
      0.47966954350471497,
      0.4840396834909916,
      0.48087597578763963,
      0.478402096927166,
      0.44059583932161334,
      0.45030600011348726,
      0.4451654174923897,
      0.43381970047950746,
      0.4432238620519638,
      0.4042898336052895,
      0.4072957196831703,
      0.40437896534800527,
      0.3987112221121788,
      0.39246162697672843,
      0.38569056168198584,
      0.38791529297828675,
      0.36211580395698545,
      0.36475622296333315,
      0.3636298353970051,
      0.3577290068566799,
      0.3593740999698639,
      0.3504310296475887,
      0.3787841050326824,
      0.3473098227381706,
      0.3408742281794548,
      0.34453830048441886,
      0.3262938441336155,
      0.33025397181510924,
      0.3252344426512718,
      0.3268044371902943,
      0.3265257307887077,
      0.3099284978210926,
      0.3067274115979671,
      0.3029597543179989,
      0.2920489141345024,
      0.29375099658966064,
      0.2993530862033367,
      0.2863097947090864,
      0.2804713608324528,
      0.2840780425071716,
      0.27671989545226094
    ],
    "train_acc": [
      14.7734375,
      30.09375,
      34.671875,
      39.2421875,
      41.828125,
      44.03125,
      46.1875,
      47.359375,
      50.15625,
      51.640625,
      52.59375,
      54.5546875,
      56.0078125,
      57.3046875,
      58.390625,
      59.5390625,
      61.3203125,
      62.6171875,
      63.984375,
      64.9921875,
      65.9765625,
      67.0078125,
      67.59375,
      69.4765625,
      69.40625,
      70.6953125,
      70.984375,
      72.0078125,
      72.65625,
      73.78125,
      74.3125,
      74.375,
      75.2421875,
      76.0703125,
      76.390625,
      77.1640625,
      77.4609375,
      78.1015625,
      78.6953125,
      78.671875,
      79.2265625,
      79.25,
      79.59375,
      80.265625,
      80.453125,
      80.84375,
      82.09375,
      82.1484375,
      82.40625,
      82.9765625,
      83.3515625,
      84.2265625,
      83.484375,
      83.75,
      84.234375,
      84.53125,
      85.3671875,
      84.6875,
      85.3125,
      85.8203125,
      85.7109375,
      85.8359375,
      85.734375,
      87.5390625,
      87.1796875,
      87.1484375,
      87.4921875,
      87.5703125,
      88.4453125,
      88.828125,
      88.4765625,
      88.9921875,
      88.9609375,
      89.5625,
      89.296875,
      90.015625,
      90.109375,
      90.5078125,
      90.1484375,
      90.34375,
      90.515625,
      89.9140625,
      91.0625,
      91.125,
      90.8203125,
      91.7890625,
      91.6171875,
      91.6171875,
      91.5546875,
      91.5078125,
      92.1953125,
      92.390625,
      92.4140625,
      92.9609375,
      92.7265625,
      92.859375,
      93.0546875,
      93.0546875,
      93.3203125,
      93.625
    ],
    "test_loss": [
      2.0437357521057127,
      1.8260305559635162,
      1.7006962943077086,
      1.6425085592269897,
      1.5859389257431031,
      1.5178139638900756,
      1.471313682794571,
      1.4060244715213777,
      1.366204211115837,
      1.4012408792972564,
      1.292931351661682,
      1.2793351817131042,
      1.2573862999677659,
      1.2338845586776734,
      1.1601237601041794,
      1.1706101512908935,
      1.1439130407571794,
      1.1336576998233796,
      1.0616561317443847,
      1.0707624244689942,
      1.0716740000247955,
      1.0869979405403136,
      0.9861382508277893,
      0.9833559274673462,
      0.9546934878826141,
      0.9469570261240006,
      0.9113965713977814,
      0.9500419640541077,
      0.8977667945623398,
      0.9187823492288589,
      0.8926649332046509,
      0.8569026836752891,
      0.8995821332931518,
      0.8578727221488953,
      0.8379327946901322,
      0.8574245542287826,
      0.8393362998962403,
      0.7999007335305214,
      0.818944599032402,
      0.8103501111268997,
      0.8418952304124833,
      0.875565751194954,
      0.813634236752987,
      0.7660632735490799,
      0.7640094718337059,
      0.8302303722500801,
      0.7917402824759483,
      0.7722272339463234,
      0.8136010548472404,
      0.7787428620457649,
      0.7786124354600906,
      0.7772368508577346,
      0.7717056375741959,
      0.8860643461346627,
      0.7925242573022843,
      0.7522280520200729,
      0.8215128764510155,
      0.8028758522868157,
      0.7789430901408195,
      0.7544594201445579,
      0.7722726288437843,
      0.7652218228578568,
      0.7502453678846359,
      0.7822725495696068,
      0.7978578659892083,
      0.8077073946595192,
      0.8062139508128167,
      0.779592733681202,
      0.7768185365200043,
      0.831392433643341,
      0.796334727704525,
      0.7658990070223808,
      0.8494325655698777,
      0.7747076821327209,
      0.8151295103132725,
      0.8049616736173629,
      0.7877132254838943,
      0.783257424235344,
      0.7665216019749641,
      0.7957942524552345,
      0.8089103883504868,
      0.8317154368758202,
      0.7975252665579319,
      0.8201766872406006,
      0.8569565899670124,
      0.8056603379547596,
      0.8557618328928948,
      0.8157131761312485,
      0.8248903861641884,
      0.8698181372880935,
      0.8859736433625222,
      0.8520269811153411,
      0.8116997548937798,
      0.8808700197935104,
      0.836428447663784,
      0.8812856844067574,
      0.9305785942077637,
      0.8553560975193978,
      0.846529430449009,
      0.8771916338801384
    ],