{
  "config": {
    "run_name": "exp1_2",
    "out_dir": "./results",
    "seed": 1705103986,
    "device": null,
    "bs_train": 128,
    "bs_test": 32,
    "batches": 100,
    "epochs": 100,
    "early_stopping": 3,
    "checkpoints": null,
    "lr": 0.001,
    "reg": 0.001,
    "filters_per_layer": [
      128
    ],
    "pool_every": 2,
    "hidden_dims": [
      100
    ],
    "model_type": "cnn",
    "conv_params": null,
    "pooling_params": null,
    "kw": {},
    "layers_per_block": 4
  },
  "results": {
    "num_epochs": 0,
    "train_loss": [
      2.0341238379478455,
      1.6620128345489502,
      1.4690489149093628,
      1.344287576675415,
      1.265901781320572,
      1.157474318742752,
      1.0929600983858108,
      1.0600142633914948,
      1.0028938841819763,
      0.9348195081949234,
      0.8926001411676406,
      0.8751689249277115,
      0.8411947321891785,
      0.8184766906499863,
      0.7878309297561645,
      0.751705339550972,
      0.7385085242986679,
      0.7180959126353263,
      0.6961349499225616,
      0.658647697865963,
      0.6570481127500534,
      0.6410180374979972,
      0.5905150055885315,
      0.5977557384967804,
      0.5835788679122925,
      0.5803687992691994,
      0.5463757541775703,
      0.5370325165987014,
      0.5216376516222954,
      0.5039316084980965,
      0.4944897747039795,
      0.4752581936120987,
      0.460467965900898,
      0.4473562717437744,
      0.4319667422771454,
      0.4262183195352554,
      0.41111919909715655,
      0.38889208853244783,
      0.38439190402626994,
      0.3941709610819817,
      0.36244894489645957,
      0.368843546807766,
      0.35417748257517817,
      0.34076484724879263,
      0.3255125817656517,
      0.3224358877539635,
      0.32210348576307296,
      0.2978408016264439,
      0.3019194851815701,
      0.2837681037187576,
      0.2864714369177818,
      0.28760591477155684,
      0.2745339123904705,
      0.2716770762205124,
      0.2710496038198471,
      0.24869122460484505,
      0.2548658584058285,
      0.2241824275255203,
      0.22942256219685078,
      0.24378198333084583,
      0.22694731317460537,
      0.22572475217282773,
      0.2175358611345291,
      0.20806963488459587,
      0.21828358702361583,
      0.21917917393147945,
      0.21380298607051373,
      0.2056071950495243,
      0.20789097405970097,
      0.20119410164654256,
      0.195227879807353,
      0.18354825831949712,
      0.19619230963289738,
      0.19884783573448658,
      0.19506760917603969,
      0.17725676879286767,
      0.1850026934593916,
      0.16880062624812125,
      0.17672967739403248,
      0.16733646042644978,
      0.1816542459279299,
      0.171200178489089,
      0.16929720278829336,
      0.16203172698616983,
      0.17113911047577857,
      0.16773478575050832,
      0.18194835111498833,
      0.15212190888822077,
      0.15239572782069444,
      0.16456990156322718,
      0.15538993149995803,
      0.16225042507052423,
      0.17529639154672622,
      0.16202627219259738,
      0.15886840730905533,
      0.12887508694082497,
      0.16403500273823737,
      0.1513772589340806,
      0.14073000740259886,
      0.14445508658885955
    ],
    "train_acc": [
      26.0078125,
      39.90625,
      47.8359375,
      53.09375,
      56.3203125,
      60.1328125,
      62.5703125,
      64.78125,
      66.5234375,
      69.2734375,
      70.7578125,
      71.8515625,
      72.3671875,
      73.7890625,
      74.53125,
      75.7265625,
      76.53125,
      77.546875,
      77.8203125,
      79.5078125,
      80.0390625,
      80.4765625,
      82.15625,
      82.28125,
      82.5,
      82.8828125,
      84.2421875,
      84.234375,
      84.6796875,
      85.28125,
      85.8359375,
      86.5546875,
      87.328125,
      88.0234375,
      88.203125,
      88.6328125,
      88.78125,
      90.03125,
      90.484375,
      89.8046875,
      90.90625,
      90.890625,
      91.78125,
      91.7265625,
      92.5546875,
      92.734375,
      92.2421875,
      93.171875,
      93.3671875,
      93.9921875,
      93.8515625,
      93.875,
      94.453125,
      94.5390625,
      94.40625,
      95.1875,
      95.0546875,
      96.0546875,
      95.9921875,
      95.5078125,
      95.96875,
      95.9609375,
      96.265625,
      96.4921875,
      96.265625,
      96.1328125,
      96.3125,
      96.515625,
      96.6171875,
      96.578125,
      97.078125,
      97.234375,
      96.984375,
      96.96875,
      96.9921875,
      97.3671875,
      97.390625,
      97.6796875,
      97.5859375,
      97.90625,
      97.265625,
      97.6796875,
      97.953125,
      97.828125,
      97.7578125,
      97.8828125,
      97.5234375,
      98.0625,
      98.46875,
      98.0234375,
      98.296875,
      98.0625,
      97.9453125,
      97.8984375,
      98.109375,
      98.765625,
      98.1171875,
      98.2421875,
      98.4296875,
      98.4296875
    ],
    "test_loss": [
      1.8220658326148986,
      1.5172953307628632,
      1.4005867159366607,
      1.3497519958019257,
      1.2045470094680786,
      1.1294022327661515,
      1.1168949633836747,
      1.07528851211071,
      1.0009855300188064,
      1.0252999806404113,
      0.9842074370384216,
      0.9392242220044136,
      0.9553749558329582,
      0.9406151282787323,
      0.9232199829816818,
      0.8746945562958718,
      0.9349285620450973,
      0.8645530325174332,
      0.8431857344508171,
      0.8427276337146759,
      0.852217304110527,
      0.8727626964449883,
      0.8459765848517418,
      0.8476651421189308,
      0.8225773367285728,
      0.8451970317959785,
      0.8377558404207229,
      0.8736009657382965,
      0.8770909270644188,
      0.8250137901306153,
      0.8336786922812461,
      0.8418361985683441,
      0.8318660041689873,
      0.8235135215520859,
      0.8416302037239075,
      0.8422732326388359,
      0.8897266164422035,
      0.869201675504446,
      0.8633031928539276,
      0.8738892665505409,
      0.9005865794420242,
      0.8656409454345703,
      0.8960132625699043,
      0.8985852900147439,
      0.9082956440746784,
      0.9115241920948028,
      0.9414567798376083,
      0.9153618568181991,
      0.9216311287879944,
      0.9517507007718087,
      0.9261655750870704,
      0.9720061235129833,
      0.9856508892774581,
      0.954087020456791,
      0.9548558972775936,
      1.00984944999218,
      0.9708367988467217,
      0.9779688149690628,
      1.1389933711290359,
      0.9628360393643379,
      1.0110170558094977,
      1.01604822576046,
      1.0785365349054337,
      1.0417417311668395,
      0.9985569718480111,
      1.0272580486536027,
      1.08034414768219,
      1.0753431177139283,
      1.1254293966293334,
      1.037954075038433,
      1.131279388666153,
      1.1582595470547676,
      1.0792408940196037,
      1.0522888597846032,
      1.0611937394738198,
      1.200711309313774,
      1.0506938946247102,
      1.12391747713089,
      1.126317997276783,
      1.160642414689064,
      1.150940850675106,
      1.1139373421669005,
      1.130724740922451,
      1.1405792436003686,
      1.1229760691523551,
      1.16266208589077,
      1.085506830215454,
      1.184646347463131,
      1.1735074630379676,
      1.147443383038044,
      1.1721141064167022,
      1.1362091422080993,
      1.1937176647782326,
      1.1786004775762557,
      1.1524754056334496,
      1.2950756219029427,
      1.2074521422386169,
      1.2019193303585052,
      1.1243263325095176,
      1.2206016874313355
    ],