{
  "config": {
    "run_name": "exp1_4",
    "out_dir": "./results",
    "seed": 162679576,
    "device": null,
    "bs_train": 128,
    "bs_test": 32,
    "batches": 100,
    "epochs": 100,
    "early_stopping": 3,
    "checkpoints": null,
    "lr": 0.001,
    "reg": 0.001,
    "filters_per_layer": [
      64,
      128,
      256
    ],
    "pool_every": 6,
    "hidden_dims": [
      100
    ],
    "model_type": "cnn",
    "conv_params": null,
    "pooling_params": null,
    "kw": {},
    "layers_per_block": 4
  },
  "results": {
    "num_epochs": 0,
    "train_loss": [
      2.3035319876670837,
      2.303219983577728,
      2.3026374793052673,
      2.3027588534355163,
      2.302935526371002,
      2.3028253889083863,
      2.3026026034355165,
      2.3026489067077636,
      2.302800664901733,
      2.3025987577438354,
      2.30280130147934,
      2.302767689228058,
      2.3026844215393067,
      2.302711880207062,
      2.3027110362052916,
      2.3027042031288145,
      2.302583601474762,
      2.302707679271698,
      2.3027355098724365,
      2.302653880119324,
      2.302756805419922,
      2.3027680039405825,
      2.302697398662567,
      2.302696177959442,
      2.3025760650634766,
      2.3026191091537473,
      2.3026663398742677,
      2.302659466266632,
      2.3027097678184507,
      2.302712032794952,
      2.302654278278351,
      2.3027556848526003,
      2.3026293754577636,
      2.3025942492485045,
      2.3026701378822327,
      2.3027387833595276,
      2.3025696754455565,
      2.302636330127716,
      2.3026775431632998,
      2.3027005004882812,
      2.3026782393455507,
      2.3026344537734986,
      2.3026341342926027,
      2.302631115913391,
      2.302614102363586,
      2.3027523016929625,
      2.302621862888336,
      2.3027653217315676,
      2.302601478099823,
      2.3025781202316282,
      2.3028246402740478,
      2.3026394128799437,
      2.3026555514335634,
      2.3032362127304076,
      2.303580358028412,
      2.3024725580215453,
      2.3025780534744262,
      2.3026109457015993,
      2.302700445652008,
      2.3027359533309935,
      2.302694854736328,
      2.3027233695983886,
      2.302701554298401,
      2.3026982069015505,
      2.30270015001297,
      2.3027025961875918,
      2.302682108879089,
      2.3027380084991456,
      2.3026568722724914,
      2.302759871482849,
      2.302679409980774,
      2.302658224105835,
      2.3025976037979126,
      2.3025625586509704,
      2.3027705144882202,
      2.302680516242981,
      2.302766993045807,
      2.30272944688797,
      2.30263436794281,
      2.302796368598938,
      2.302654654979706,
      2.3027067518234254,
      2.3026268243789674,
      2.302686231136322,
      2.3025871562957763,
      2.3026224470138548,
      2.3026883745193483,
      2.302649323940277,
      2.30267737865448,
      2.3027906227111816,
      2.3026366233825684,
      2.3025435423851013,
      2.302823760509491,
      2.3027297759056093,
      2.3026580119132998,
      2.3025999069213867,
      2.3027254343032837,
      2.30267587184906,
      2.3026448607444765,
      2.302625827789307
    ],
    "train_acc": [
      10.234375,
      10.0546875,
      10.3359375,
      10.375,
      10.140625,
      9.9765625,
      9.890625,
      9.9296875,
      9.59375,
      9.765625,
      9.96875,
      9.6328125,
      9.9375,
      9.8671875,
      9.8515625,
      10.140625,
      10.125,
      10.015625,
      9.6328125,
      10.3125,
      9.953125,
      9.8671875,
      10.3359375,
      9.890625,
      10.2421875,
      9.9296875,
      9.828125,
      10.6953125,
      10.0390625,
      9.8515625,
      9.84375,
      9.84375,
      10.1875,
      9.890625,
      10.2890625,
      9.8359375,
      10.140625,
      10.2265625,
      10.265625,
      9.8515625,
      9.9375,
      10.15625,
      10.0078125,
      10.3984375,
      9.8359375,
      9.78125,
      10.5625,
      9.890625,
      10.15625,
      10.109375,
      9.6796875,
      10.0,
      9.9609375,
      10.546875,
      9.9453125,
      9.703125,
      10.2109375,
      9.9765625,
      10.1640625,
      10.1171875,
      10.21875,
      10.1015625,
      10.046875,
      9.765625,
      9.9609375,
      10.1171875,
      9.6171875,
      9.96875,
      10.0234375,
      9.6875,
      10.1484375,
      9.8828125,
      9.7890625,
      9.9609375,
      10.09375,
      9.8046875,
      9.7421875,
      10.2265625,
      10.578125,
      9.7578125,
      9.7421875,
      9.96875,
      9.9765625,
      9.890625,
      9.828125,
      10.421875,
      10.3359375,
      10.0703125,
      10.40625,
      9.828125,
      10.1171875,
      10.484375,
      9.7890625,
      9.9140625,
      9.6328125,
      10.2890625,
      9.6875,
      9.6953125,
      10.265625,
      10.2578125
    ],
    "test_loss": [
      2.3031005024909974,
      2.303118486404419,
      2.3030606532096862,
      2.3029326677322386,
      2.3026226496696474,
      2.3026630425453187,
      2.3027535605430605,
      2.302643814086914,
      2.3027095770835877,
      2.302725670337677,
      2.3027580404281616,
      2.3026875972747805,
      2.3026193451881407,
      2.30248872756958,
      2.302377157211304,
      2.302376594543457,
      2.3023788356781005,
      2.3025583386421205,
      2.3026100301742556,
      2.302720568180084,
      2.3027189111709596,
      2.302683093547821,
      2.3026530838012693,
      2.3025959300994874,
      2.302521831989288,
      2.3024391102790833,
      2.3025163221359253,
      2.3025343298912047,
      2.302539277076721,
      2.3026771759986877,
      2.3025970888137817,
      2.3027399253845213,
      2.3027593326568603,
      2.302844552993774,
      2.3027417039871216,
      2.302603998184204,
      2.3026721572875974,
      2.3026011180877686,
      2.3026470375061034,
      2.3026274108886717,
      2.302645003795624,
      2.3027306151390077,
      2.3027696084976195,
      2.302895941734314,
      2.302852337360382,
      2.302735311985016,
      2.302700254917145,
      2.3025894808769225,
      2.302565996646881,
      2.302551312446594,
      2.302505135536194,
      2.3026759457588195,
      2.302650520801544,
      2.3028821849823,
      2.302601811885834,
      2.3027902340888975,
      2.3029407501220702,
      2.3030079293251036,
      2.3029715824127197,
      2.302703161239624,
      2.302494773864746,
      2.3043174600601195,
      2.30270387172699,
      2.302791938781738,
      2.302711169719696,
      2.3027306747436525,
      2.3026927947998046,
      2.302694034576416,
      2.302577223777771,
      2.3026397252082824,
      2.3025883722305296,
      2.302481698989868,
      2.3025469613075256,
      2.302443959712982,
      2.302537949085236,
      2.3024683809280395,
      2.3024954414367675,
      2.3025434732437136,
      2.3026128435134887,
      2.302574806213379,
      2.302601556777954,
      2.302689654827118,
      2.3026169824600218,
      2.302742042541504,
      2.302709393501282,
      2.3027266907691955,
      2.3026696372032167,
      2.302703821659088,
      2.302702298164368,
      2.3026861906051637,
      2.302504096031189,
      2.3026390528678893,
      2.302611689567566,
      2.3025588059425353,
      2.3025564122200013,
      2.302586388587952,
      2.302563531398773,
      2.302653918266296,
      2.3026958823204042,
      2.302620542049408
    ],