{
  "config": {
    "run_name": "exp1_1",
    "out_dir": "./results",
    "seed": 758113756,
    "device": null,
    "bs_train": 128,
    "bs_test": 32,
    "batches": 100,
    "epochs": 100,
    "early_stopping": 3,
    "checkpoints": null,
    "lr": 0.001,
    "reg": 0.001,
    "filters_per_layer": [
      64
    ],
    "pool_every": 4,
    "hidden_dims": [
      100
    ],
    "model_type": "cnn",
    "conv_params": null,
    "pooling_params": null,
    "kw": {},
    "layers_per_block": 16
  },
  "results": {
    "num_epochs": 0,
    "train_loss": [
      2.3034491467475893,
      2.303093810081482,
      2.3029550194740294,
      2.302971248626709,
      2.3028742837905884,
      2.302984580993652,
      2.302774567604065,
      2.302705352306366,
      2.3026778888702393,
      2.3028939628601073,
      2.302788574695587,
      2.3027676606178282,
      2.302734158039093,
      2.3027872443199158,
      2.302736303806305,
      2.302575099468231,
      2.302836842536926,
      2.3026148009300234,
      2.3028638982772827,
      2.302764675617218,
      2.302684817314148,
      2.3027145147323607,
      2.302672839164734,
      2.302771668434143,
      2.3026670718193056,
      2.3026883459091185,
      2.3026617670059206,
      2.3027446818351747,
      2.3026232719421387,
      2.3027886295318605,
      2.302731945514679,
      2.30272132396698,
      2.302628743648529,
      2.302776584625244,
      2.3025420761108397,
      2.3025962829589846,
      2.3028188157081604,
      2.302692060470581,
      2.302647204399109,
      2.30265438079834,
      2.302668330669403,
      2.302675311565399,
      2.3026812744140623,
      2.302667498588562,
      2.3026668190956117,
      2.302706742286682,
      2.3026174187660216,
      2.3027142548561095,
      2.3026456356048586,
      2.302622332572937,
      2.30257310628891,
      2.302808072566986,
      2.3026777338981628,
      2.3027002358436586,
      2.302648973464966,
      2.3026001620292664,
      2.3026166439056395,
      2.302635610103607,
      2.3027667427062988,
      2.3026822662353514,
      2.302702932357788,
      2.302736613750458,
      2.302663424015045,
      2.302629063129425,
      2.3027317929267883,
      2.3026718211174013,
      2.3027044248580935,
      2.3026432394981384,
      2.3027379012107847,
      2.302682888507843,
      2.302720742225647,
      2.302656934261322,
      2.302620885372162,
      2.3026834416389463,
      2.3025537157058715,
      2.3027417516708373,
      2.302668881416321,
      2.3026148200035097,
      2.3025360012054445,
      2.3026735520362855,
      2.302657012939453,
      2.3027171087265015,
      2.3027357959747317,
      2.3027055644989014,
      2.30249308347702,
      2.3027432441711424,
      2.302751302719116,
      2.3026533246040346,
      2.302643542289734,
      2.302670910358429,
      2.3026697397232057,
      2.302626914978027,
      2.3027054834365845,
      2.3026338839530944,
      2.3028255558013915,
      2.302726788520813,
      2.302643792629242,
      2.3027024722099303,
      2.3026565599441526,
      2.3026755118370055
    ],
    "train_acc": [
      10.046875,
      10.0625,
      9.9296875,
      10.0078125,
      9.859375,
      10.0390625,
      10.078125,
      10.21875,
      10.125,
      9.84375,
      9.9453125,
      9.9453125,
      10.203125,
      9.875,
      10.0546875,
      10.1328125,
      9.6328125,
      9.8828125,
      9.9140625,
      10.1953125,
      10.3125,
      9.890625,
      9.765625,
      9.859375,
      10.171875,
      10.0625,
      9.875,
      9.6484375,
      9.859375,
      9.734375,
      9.828125,
      9.6875,
      9.890625,
      9.9453125,
      10.3125,
      10.515625,
      9.7890625,
      10.296875,
      10.0625,
      10.015625,
      9.9140625,
      10.34375,
      9.8515625,
      10.1171875,
      9.671875,
      9.8359375,
      9.765625,
      9.5859375,
      10.1328125,
      10.1484375,
      9.9453125,
      9.5390625,
      10.09375,
      10.0859375,
      9.8046875,
      10.1640625,
      10.2109375,
      9.796875,
      9.6796875,
      9.984375,
      9.8984375,
      9.890625,
      9.515625,
      10.0703125,
      9.7578125,
      9.96875,
      9.7890625,
      9.8984375,
      9.8828125,
      9.828125,
      10.078125,
      9.75,
      10.0546875,
      10.015625,
      9.84375,
      9.875,
      9.9453125,
      9.9609375,
      9.9609375,
      9.90625,
      10.046875,
      10.0234375,
      10.078125,
      9.890625,
      10.75,
      9.8125,
      9.6484375,
      10.2890625,
      10.0625,
      9.9140625,
      9.984375,
      9.890625,
      10.25,
      9.65625,
      9.59375,
      9.8046875,
      10.4296875,
      9.6796875,
      10.375,
      10.203125
    ],
    "test_loss": [
      2.302705690860748,
      2.3028714060783386,
      2.302530345916748,
      2.3025684762001037,
      2.3027056741714476,
      2.3028302145004274,
      2.3027583241462706,
      2.3030558967590333,
      2.3025824069976806,
      2.3025565457344057,
      2.302499430179596,
      2.3027485156059266,
      2.3027301597595216,
      2.302689607143402,
      2.302800543308258,
      2.30275595664978,
      2.30278954744339,
      2.302879323959351,
      2.302623040676117,
      2.302655074596405,
      2.3026953101158143,
      2.302825717926025,
      2.302860291004181,
      2.3027161884307863,
      2.3027988648414612,
      2.302785415649414,
      2.302742607593536,
      2.302720613479614,
      2.3027275252342223,
      2.3024786257743837,
      2.3026780557632445,
      2.30271598815918,
      2.302701587677002,
      2.3025275230407716,
      2.302616364955902,
      2.302658476829529,
      2.3026497387886047,
      2.302729642391205,
      2.302651698589325,
      2.30262423992157,
      2.302630546092987,
      2.3027912950515748,
      2.302748658657074,
      2.302660734653473,
      2.3025915694236754,
      2.3026555299758913,
      2.3027306962013245,
      2.302777945995331,
      2.302635247707367,
      2.3026682806015013,
      2.3027512216567994,
      2.3025988364219665,
      2.302580003738403,
      2.3025425481796264,
      2.302645881175995,
      2.3027206230163575,
      2.30271201133728,
      2.3027043390274047,
      2.302599918842316,
      2.3026844906806945,
      2.302673833370209,
      2.302581000328064,
      2.3026184153556826,
      2.3026697063446044,
      2.3025844740867614,
      2.302552137374878,
      2.302565104961395,
      2.3025408744812013,
      2.3026010894775393,
      2.3025700211524964,
      2.3025657510757447,
      2.302751476764679,
      2.3026995253562927,
      2.3025993847846986,
      2.302692220211029,
      2.302720773220062,
      2.302652735710144,
      2.3026131200790405,
      2.3025904059410096,
      2.3026866912841797,
      2.302595121860504,
      2.3027292227745058,
      2.3025758934020994,
      2.302647829055786,
      2.302673013210297,
      2.302676434516907,
      2.3026249480247496,
      2.3027492809295653,
      2.302690212726593,
      2.3026189017295837,
      2.3025489497184752,
      2.302737739086151,
      2.3026276588439942,
      2.302571725845337,
      2.302623300552368,
      2.3025647711753847,
      2.3025149083137513,
      2.3024980878829955,
      2.3026405644416807,
      2.3025475692749025
    ],