{
  "config": {
    "run_name": "exp1_2",
    "out_dir": "./results",
    "seed": 390014142,
    "device": null,
    "bs_train": 128,
    "bs_test": 32,
    "batches": 100,
    "epochs": 100,
    "early_stopping": 3,
    "checkpoints": null,
    "lr": 0.001,
    "reg": 0.001,
    "filters_per_layer": [
      64
    ],
    "pool_every": 2,
    "hidden_dims": [
      100
    ],
    "model_type": "cnn",
    "conv_params": null,
    "pooling_params": null,
    "kw": {},
    "layers_per_block": 2
  },
  "results": {
    "num_epochs": 0,
    "train_loss": [
      1.8692595553398133,
      1.5191167509555816,
      1.3921699333190918,
      1.2982452988624573,
      1.249643290042877,
      1.2267649638652802,
      1.1685952186584472,
      1.12794054210186,
      1.0903601384162902,
      1.0538353836536407,
      1.0271428167819976,
      0.9964667612314224,
      0.9579903346300125,
      0.9256916242837906,
      0.9075917553901672,
      0.8921698582172394,
      0.8530622613430023,
      0.8586508852243423,
      0.8418265062570572,
      0.8251019763946533,
      0.813328491449356,
      0.7897917944192886,
      0.7702152913808823,
      0.7681914591789245,
      0.7720125925540924,
      0.7505201441049576,
      0.7294375199079514,
      0.7071816515922547,
      0.7131393307447433,
      0.6816800588369369,
      0.6932463118433952,
      0.6714930897951126,
      0.6538817542791366,
      0.6502375608682632,
      0.6464983248710632,
      0.643907617032528,
      0.6091434249281883,
      0.5984735330939293,
      0.5877438741922378,
      0.5942179340124131,
      0.5933057668805123,
      0.563026779294014,
      0.5461588490009308,
      0.5406626078486443,
      0.5520531338453293,
      0.5346912702918053,
      0.525272569656372,
      0.5253651031851768,
      0.4868722349405289,
      0.5002185612916946,
      0.47466311931610106,
      0.47896243423223495,
      0.4776163724064827,
      0.46807971149683,
      0.45852980881929395,
      0.4467108115553856,
      0.43825494319200514,
      0.4452581661939621,
      0.43374829858541486,
      0.4212619507312775,
      0.41338670909404757,
      0.39783389657735824,
      0.39917728886008264,
      0.39124335303902624,
      0.3937820573151112,
      0.37618077293038366,
      0.3759490618109703,
      0.3640425753593445,
      0.37136732280254364,
      0.3437041410803795,
      0.3504368411004543,
      0.34777132704854014,
      0.3300037908554077,
      0.33526928290724756,
      0.32910126358270647,
      0.33245448261499405,
      0.3285137888789177,
      0.3182915036380291,
      0.3094502472877502,
      0.29710429161787033,
      0.3044833904504776,
      0.30254253700375555,
      0.291811181306839,
      0.3043877913057804,
      0.2835703126341105,
      0.2793186081945896,
      0.29672606945037844,
      0.2752047088742256,
      0.27413580924272535,
      0.26312402486801145,
      0.2602798372507095,
      0.27190357878804206,
      0.26572226896882056,
      0.2623259872198105,
      0.2582007361203432,
      0.2459710904955864,
      0.2586070880293846,
      0.2542068599164486,
      0.24640681922435761,
      0.24948630318045617
    ],
    "train_acc": [
      33.8515625,
      47.21875,
      51.9375,
      54.828125,
      56.5703125,
      57.9296875,
      60.203125,
      61.921875,
      63.03125,
      64.46875,
      65.21875,
      66.7421875,
      68.03125,
      69.40625,
      70.546875,
      70.9765625,
      71.9375,
      72.078125,
      72.796875,
      73.0078125,
      73.7734375,
      74.2734375,
      75.3671875,
      75.6484375,
      74.9765625,
      76.3671875,
      77.0625,
      77.8046875,
      77.5234375,
      79.234375,
      78.3359375,
      79.3046875,
      80.0859375,
      80.3984375,
      80.0625,
      80.375,
      81.515625,
      81.8515625,
      82.84375,
      82.4375,
      82.3515625,
      83.46875,
      84.046875,
      84.2421875,
      84.046875,
      85.015625,
      84.7265625,
      85.296875,
      86.234375,
      86.125,
      86.7109375,
      86.9453125,
      87.0703125,
      87.4765625,
      87.65625,
      87.8359375,
      88.5234375,
      88.296875,
      88.3515625,
      89.28125,
      89.4140625,
      89.703125,
      89.6875,
      90.4375,
      89.96875,
      90.5,
      90.8359375,
      91.15625,
      90.609375,
      91.9453125,
      91.625,
      91.4140625,
      92.171875,
      92.1796875,
      92.5,
      92.3671875,
      92.8671875,
      92.953125,
      93.03125,
      93.421875,
      93.5390625,
      93.484375,
      93.9375,
      93.3828125,
      93.9765625,
      94.6796875,
      93.90625,
      94.21875,
      94.4375,
      94.9375,
      94.7421875,
      94.8828125,
      94.609375,
      95.03125,
      95.109375,
      95.4765625,
      94.9296875,
      95.1875,
      95.2578125,
      95.15625
    ],
    "test_loss": [
      1.6038064098358153,
      1.47631370306015,
      1.3150069588422775,
      1.2754311186075211,
      1.2889490634202958,
      1.2443820929527283,
      1.1811480021476746,
      1.1547222262620926,
      1.1345435082912445,
      1.090541534423828,
      1.0717918747663497,
      1.06204004406929,
      1.0268414449691772,
      1.05151448905468,
      0.9831898957490921,
      0.9973945719003677,
      1.0166761511564255,
      0.9878324443101882,
      1.01664814889431,
      0.969288882613182,
      0.9460457730293274,
      1.0053488048911094,
      0.9465076351165771,
      0.957312381863594,
      0.9541145986318589,
      0.9591099721193314,
      0.9655555635690689,
      0.9267395597696304,
      0.968653479218483,
      0.9386516818404198,
      0.9394825249910355,
      0.9578188979625701,
      0.9907863569259644,
      0.9785532963275909,
      0.9692454987764358,
      0.9926591607928276,
      1.0295632570981978,
      0.963847364783287,
      0.9844235226511955,
      0.9760736858844757,
      0.9920721971988677,
      0.9640682053565979,
      1.0088264241814613,
      0.994489795267582,
      1.0076714816689492,
      0.9927566748857498,
      1.0134909045696259,
      0.9914023917913437,
      1.0536587443947791,
      1.007780996263027,
      1.0507528328895568,
      1.0751613077521325,
      1.030062066912651,
      1.0694411692023278,
      1.0537549656629563,
      1.1199242237210274,
      1.078151232600212,
      1.0583539441227914,
      1.0617552223801612,
      1.099596297442913,
      1.0919620901346208,
      1.1222919094562531,
      1.0927467054128648,
      1.0915397107601166,
      1.0981898793578149,
      1.1497661954164504,
      1.17968230009079,
      1.2138516372442245,
      1.1402545812726022,
      1.1930369037389754,
      1.1518585866689681,
      1.147043773829937,
      1.1446462106704711,
      1.2022564497590065,
      1.1955438947677612,
      1.192998395562172,
      1.219582862854004,
      1.2388777527213097,
      1.2704669713974,
      1.2290082702040672,
      1.2145260289311408,
      1.2658060750365256,
      1.3044988173246383,
      1.2623328581452369,
      1.3045794680714606,
      1.2369981518387794,
      1.2785190039873122,
      1.287974318265915,
      1.2682084953784942,
      1.2501613575220107,
      1.2900967290997505,
      1.2540173014998437,
      1.3200931817293167,
      1.3687943375110627,
      1.3832644039392472,
      1.3509642851352692,
      1.3741547971963883,
      1.3184058827161789,
      1.331562373638153,
      1.3192633837461472
    ],