{
  "config": {
    "run_name": "exp1_4",
    "out_dir": "./results",
    "seed": 1498119364,
    "device": null,
    "bs_train": 128,
    "bs_test": 32,
    "batches": 100,
    "epochs": 100,
    "early_stopping": 3,
    "checkpoints": null,
    "lr": 0.001,
    "reg": 0.001,
    "filters_per_layer": [
      32
    ],
    "pool_every": 8,
    "hidden_dims": [
      100
    ],
    "model_type": "cnn",
    "conv_params": null,
    "pooling_params": null,
    "kw": {},
    "layers_per_block": 32
  },
  "results": {
    "num_epochs": 0,
    "train_loss": [
      2.303247563838959,
      2.3029792070388795,
      2.302706031799316,
      2.302896158695221,
      2.3027858757972717,
      2.3029216814041136,
      2.3028223657608033,
      2.302790684700012,
      2.302733736038208,
      2.3026458764076234,
      2.3029202437400818,
      2.302696213722229,
      2.3027661275863647,
      2.302755835056305,
      2.3027705335617066,
      2.302864954471588,
      2.302630136013031,
      2.302695574760437,
      2.3027971458435057,
      2.302687349319458,
      2.302591347694397,
      2.302728316783905,
      2.302689106464386,
      2.3027227401733397,
      2.302704062461853,
      2.302738993167877,
      2.3026657104492188,
      2.3026577401161195,
      2.302484574317932,
      2.3027209091186522,
      2.3026930332183837,
      2.302671914100647,
      2.3026991868019104,
      2.3026774740219116,
      2.30263934135437,
      2.3025837087631227,
      2.3026136898994447,
      2.3027138447761537,
      2.3027294516563415,
      2.3026183342933653,
      2.302723932266235,
      2.302657098770142,
      2.3026142930984497,
      2.3026440811157225,
      2.302529847621918,
      2.302747139930725,
      2.302751066684723,
      2.302604057788849,
      2.302713198661804,
      2.3025831055641173,
      2.3027060651779174,
      2.302680101394653,
      2.3026082921028137,
      2.302738056182861,
      2.302711842060089,
      2.302708468437195,
      2.3026775240898134,
      2.3027377462387086,
      2.302691752910614,
      2.302724392414093,
      2.302671492099762,
      2.302697331905365,
      2.3025605988502504,
      2.3027136015892027,
      2.302646689414978,
      2.302730047702789,
      2.302521538734436,
      2.302686243057251,
      2.302903890609741,
      2.3026363754272463,
      2.302695429325104,
      2.3026381397247313,
      2.3026914978027344,
      2.302672276496887,
      2.302645013332367,
      2.302666380405426,
      2.302601149082184,
      2.3026816034317017,
      2.3027049899101257,
      2.302616126537323,
      2.3026215338706972,
      2.302643401622772,
      2.3025803327560426,
      2.302792100906372,
      2.3026805186271666,
      2.3026487398147584,
      2.302596025466919,
      2.3025891280174253,
      2.3026627850532533,
      2.302688653469086,
      2.3027101492881776,
      2.3026545095443725,
      2.3026907873153686,
      2.3027398872375486,
      2.3025495767593385,
      2.3025945949554445,
      2.302657468318939,
      2.302702734470367,
      2.302641222476959,
      2.3027182912826536
    ],
    "train_acc": [
      9.75,
      10.4453125,
      10.4375,
      9.6640625,
      9.7734375,
      10.1796875,
      10.171875,
      9.7109375,
      10.3359375,
      10.3984375,
      10.09375,
      10.2421875,
      10.171875,
      10.1875,
      9.8515625,
      9.71875,
      10.3203125,
      9.8828125,
      10.0859375,
      10.21875,
      10.3671875,
      10.140625,
      10.234375,
      10.0078125,
      9.9375,
      9.921875,
      10.1953125,
      10.1484375,
      10.4375,
      9.5390625,
      9.9453125,
      10.1484375,
      10.1328125,
      9.7578125,
      10.265625,
      10.2578125,
      10.1328125,
      10.078125,
      9.7421875,
      10.2734375,
      9.9140625,
      10.1484375,
      9.9609375,
      10.046875,
      10.1796875,
      9.859375,
      9.984375,
      9.8671875,
      9.6015625,
      10.0234375,
      10.1015625,
      10.0078125,
      9.9765625,
      9.8046875,
      9.375,
      9.9765625,
      10.34375,
      9.8671875,
      9.8359375,
      10.0,
      9.875,
      9.7578125,
      10.140625,
      10.0,
      10.1953125,
      10.03125,
      10.3125,
      9.9296875,
      9.9375,
      10.09375,
      9.9296875,
      10.140625,
      10.1171875,
      10.015625,
      10.125,
      9.8046875,
      10.3828125,
      10.0625,
      9.90625,
      10.1484375,
      10.171875,
      10.1796875,
      9.765625,
      10.15625,
      9.8515625,
      10.296875,
      10.3984375,
      10.296875,
      9.8671875,
      9.8828125,
      9.328125,
      9.640625,
      9.9765625,
      9.6796875,
      9.9609375,
      10.125,
      10.2109375,
      9.890625,
      10.140625,
      10.0
    ],
    "test_loss": [
      2.3025133204460144,
      2.3029309701919556,
      2.302787902355194,
      2.3024222898483275,
      2.302755768299103,
      2.302533736228943,
      2.3026266050338746,
      2.3025501561164856,
      2.3024845838546755,
      2.3025107169151307,
      2.3024827599525453,
      2.302509913444519,
      2.3025088763237,
      2.302722055912018,
      2.3025218176841737,
      2.3025208806991575,
      2.3023759222030638,
      2.302446141242981,
      2.302535560131073,
      2.302569417953491,
      2.302637286186218,
      2.3026602268218994,
      2.30255033493042,
      2.3026860189437866,
      2.3026521801948547,
      2.3027381086349488,
      2.302716510295868,
      2.3027165508270264,
      2.302621579170227,
      2.3025924444198607,
      2.302542998790741,
      2.302586097717285,
      2.302581422328949,
      2.302483944892883,
      2.302617676258087,
      2.3026081800460814,
      2.302613580226898,
      2.3026215481758117,
      2.3027247095108034,
      2.302659797668457,
      2.302612612247467,
      2.3026523566246033,
      2.302627067565918,
      2.302591700553894,
      2.3025694370269774,
      2.302543132305145,
      2.302481138706207,
      2.3024405217170716,
      2.3025466704368593,
      2.302605400085449,
      2.3025424885749817,
      2.302568700313568,
      2.3025029158592223,
      2.302508475780487,
      2.3025347137451173,
      2.302615232467651,
      2.302579047679901,
      2.3026319909095765,
      2.3024889993667603,
      2.302555513381958,
      2.3024471259117125,
      2.3025911927223204,
      2.3027721571922304,
      2.3028016543388365,
      2.3027140355110167,
      2.302659478187561,
      2.302604467868805,
      2.302710063457489,
      2.3025408792495727,
      2.3027165508270264,
      2.302692811489105,
      2.302789168357849,
      2.3026808595657347,
      2.3026713705062867,
      2.302637350559235,
      2.302720823287964,
      2.302693226337433,
      2.302723960876465,
      2.3027195358276367,
      2.302789545059204,
      2.3028310680389406,
      2.3027925229072572,
      2.3028055167198183,
      2.302826817035675,
      2.3026976919174196,
      2.302752130031586,
      2.302802278995514,
      2.3029014348983763,
      2.3028343439102175,
      2.302665042877197,
      2.302599461078644,
      2.302576997280121,
      2.3025684762001037,
      2.3025961828231813,
      2.3028217720985413,
      2.302918746471405,
      2.3028268313407896,
      2.3026297545433043,
      2.302728135585785,
      2.302588047981262
    ],