{
  "config": {
    "run_name": "exp1_1",
    "out_dir": "./results",
    "seed": 1944274309,
    "device": null,
    "bs_train": 128,
    "bs_test": 32,
    "batches": 100,
    "epochs": 100,
    "early_stopping": 3,
    "checkpoints": null,
    "lr": 0.001,
    "reg": 0.001,
    "filters_per_layer": [
      32
    ],
    "pool_every": 4,
    "hidden_dims": [
      100
    ],
    "model_type": "cnn",
    "conv_params": null,
    "pooling_params": null,
    "kw": {},
    "layers_per_block": 4
  },
  "results": {
    "num_epochs": 0,
    "train_loss": [
      1.9634697616100312,
      1.6348077535629273,
      1.5266460371017456,
      1.4206567537784576,
      1.3336042404174804,
      1.275603095293045,
      1.2097407537698746,
      1.1734872263669969,
      1.1337323999404907,
      1.101819517016411,
      1.0400523006916047,
      0.9995102685689926,
      0.9746888989210128,
      0.9504683518409729,
      0.9356734359264374,
      0.91097128033638,
      0.8753387552499771,
      0.8607633334398269,
      0.8376797950267791,
      0.8112013787031174,
      0.7902276152372361,
      0.7697388675808906,
      0.744125388264656,
      0.7088876289129257,
      0.7196580865979194,
      0.6813645341992378,
      0.6611016914248466,
      0.6407227990031242,
      0.6144346186518669,
      0.593874163031578,
      0.5849080249667168,
      0.5692825579643249,
      0.5522093197703362,
      0.5325041028857231,
      0.5305037340521812,
      0.5076984533667565,
      0.4928800323605537,
      0.4656905607879162,
      0.45398556888103486,
      0.4473690989613533,
      0.43094721347093584,
      0.40668576419353486,
      0.41571644097566607,
      0.3894952635467053,
      0.38126070886850355,
      0.3890881672501564,
      0.37491794288158414,
      0.34751738503575325,
      0.32716825768351554,
      0.3357451295852661,
      0.31511311113834384,
      0.33450870230793955,
      0.3276686161756516,
      0.29310521006584167,
      0.29097325131297114,
      0.2895914340019226,
      0.280130200535059,
      0.26719734966754916,
      0.2955781419575214,
      0.26007342427968977,
      0.27156403005123136,
      0.26361267134547234,
      0.24593957163393498,
      0.2284175555408001,
      0.23597174420952796,
      0.25053167670965193,
      0.24833282589912414,
      0.2285105948895216,
      0.24586518563330173,
      0.2260248391330242,
      0.2212233881652355,
      0.2042874451726675,
      0.20324609875679017,
      0.22019437111914159,
      0.21172719053924083,
      0.20884224884212016,
      0.19443796508014202,
      0.20696322083473206,
      0.19481860302388668,
      0.21194117896258832,
      0.18885223023593425,
      0.19614224322140217,
      0.1713854143023491,
      0.19489842966198923,
      0.17811608739197254,
      0.1806139314174652,
      0.17209234710782767,
      0.18206073366105557,
      0.1912681369483471,
      0.17681102305650712,
      0.1644200336933136,
      0.17398378368467093,
      0.17773332297801972,
      0.1977493457496166,
      0.16668806701898575,
      0.17443579204380513,
      0.17572678830474614,
      0.1786714468896389,
      0.1645820278301835,
      0.14973062478005886
    ],
    "train_acc": [
      29.46875,
      41.8671875,
      46.078125,
      49.984375,
      53.65625,
      55.984375,
      58.71875,
      60.078125,
      61.5078125,
      63.171875,
      65.6171875,
      66.6640625,
      68.2578125,
      69.125,
      69.4609375,
      70.53125,
      71.828125,
      72.5703125,
      73.46875,
      74.2890625,
      75.5859375,
      76.390625,
      77.453125,
      78.546875,
      77.96875,
      79.546875,
      80.421875,
      81.53125,
      82.34375,
      83.1875,
      83.953125,
      83.8359375,
      84.75,
      85.6640625,
      85.6796875,
      86.4453125,
      87.015625,
      87.796875,
      88.6015625,
      89.3359375,
      89.546875,
      90.3984375,
      90.078125,
      91.1171875,
      91.390625,
      90.984375,
      91.7578125,
      92.5390625,
      93.265625,
      93.109375,
      93.3984375,
      93.34375,
      93.1484375,
      94.171875,
      94.421875,
      94.4921875,
      95.234375,
      95.28125,
      94.53125,
      95.0546875,
      95.2421875,
      95.5,
      95.7421875,
      96.6640625,
      96.234375,
      95.921875,
      96.0234375,
      96.3359375,
      96.03125,
      96.71875,
      96.4609375,
      97.1328125,
      97.28125,
      96.78125,
      97.0234375,
      97.15625,
      97.390625,
      97.3046875,
      97.28125,
      97.015625,
      97.5859375,
      97.25,
      97.96875,
      97.640625,
      97.78125,
      97.765625,
      98.0234375,
      97.8984375,
      97.6171875,
      98.0546875,
      98.125,
      98.0,
      98.03125,
      97.6875,
      98.2578125,
      98.1875,
      97.96875,
      98.0,
      98.2890625,
      98.4375
    ],
    "test_loss": [
      1.7594881582260131,
      1.5289254581928253,
      1.4228007042407989,
      1.372199890613556,
      1.4140208548307418,
      1.2975936645269395,
      1.2282637470960618,
      1.1907794904708862,
      1.2346736776828766,
      1.1181275427341462,
      1.1399735820293426,
      1.1147801369428634,
      1.1021774369478226,
      1.036692613363266,
      1.0724132627248764,
      1.0723716467618942,
      1.040380954146385,
      1.0276257103681565,
      1.018777500987053,
      1.0499363112449647,
      1.0116742840409279,
      1.0282928252220154,
      1.0216634321212767,
      1.0126740077137948,
      1.0336649399995803,
      1.0504673898220063,
      1.0878740048408508,
      1.0960531854629516,
      1.0507288801670074,
      1.0500207003951072,
      1.0446205508708954,
      1.0775487583875656,
      1.081563676595688,
      1.1082119697332382,
      1.062531623840332,
      1.1477607256174087,
      1.166163318157196,
      1.0990104216337204,
      1.1072687566280366,
      1.157396598160267,
      1.2012586188316345,
      1.1868505239486695,
      1.1746741822361946,
      1.2842547264695168,
      1.2418695017695427,
      1.2892820772528648,
      1.3222029069066048,
      1.2828480705618859,
      1.3611258509755135,
      1.3297863000631331,
      1.4167054334282876,
      1.363104435801506,
      1.3684558564424514,
      1.3747434505820275,
      1.5034741932153701,
      1.4464032649993896,
      1.4395090579986571,
      1.536163660287857,
      1.4470108610391617,
      1.474276969730854,
      1.5167728716135025,
      1.5557172912359238,
      1.5284602761268615,
      1.5562067943811417,
      1.584824313521385,
      1.5510914129018785,
      1.5891134691238404,
      1.5514639484882355,
      1.578498631119728,
      1.5771877297759056,
      1.6283264023065567,
      1.696870796084404,
      1.7255238711833953,
      1.739702388048172,
      1.6450596645474433,
      1.655187996029854,
      1.6692314022779464,
      1.6805848252773286,
      1.6842366468906402,
      1.6921654288470744,
      1.7655954390764237,
      1.7352278691530227,
      1.7617779394984245,
      1.7663597881793975,
      1.7866588339209557,
      1.7386262077093124,
      1.7274985113739967,
      1.7966728472709657,
      1.6989015284180642,
      1.7646277350187303,
      1.7205544859170914,
      1.8350056153535843,
      1.7451934891939163,
      1.6605997949838638,
      1.7940208685398102,
      1.7622598391771316,
      1.7499392426013947,
      1.6660853892564773,
      1.7624620363116263,
      1.7494611316919326
    ],