{
  "config": {
    "run_name": "exp1_2",
    "out_dir": "./results",
    "seed": 1156781832,
    "device": null,
    "bs_train": 128,
    "bs_test": 32,
    "batches": 100,
    "epochs": 100,
    "early_stopping": 3,
    "checkpoints": null,
    "lr": 0.001,
    "reg": 0.001,
    "filters_per_layer": [
      128
    ],
    "pool_every": 2,
    "hidden_dims": [
      100
    ],
    "model_type": "cnn",
    "conv_params": null,
    "pooling_params": null,
    "kw": {},
    "layers_per_block": 2
  },
  "results": {
    "num_epochs": 0,
    "train_loss": [
      1.924086184501648,
      1.5418388378620147,
      1.4260111486911773,
      1.331595597267151,
      1.2511257684230805,
      1.2188107514381408,
      1.167123391032219,
      1.1293299812078477,
      1.0887919026613235,
      1.091870095729828,
      1.045837339758873,
      1.0269156152009964,
      0.994340443611145,
      0.9538589757680893,
      0.9573876535892487,
      0.9374778771400452,
      0.9107312649488449,
      0.8895890074968338,
      0.8558932220935822,
      0.8438945972919464,
      0.8296614164113998,
      0.8228236836194992,
      0.7912241381406784,
      0.7826368892192841,
      0.7951564773917198,
      0.7576382905244827,
      0.7597206550836563,
      0.7363205152750015,
      0.7210105228424072,
      0.7268689501285553,
      0.6934903258085251,
      0.6875336781144142,
      0.6840465140342712,
      0.6755598497390747,
      0.6284594762325287,
      0.6383153396844864,
      0.635738208591938,
      0.6195040720701218,
      0.5897186014056206,
      0.5986111387610435,
      0.5942549893260002,
      0.5941556525230408,
      0.5645531284809112,
      0.5525636178255081,
      0.5326170611381531,
      0.5377460452914238,
      0.5324471592903137,
      0.5345313319563866,
      0.5177262511849403,
      0.5105224624276161,
      0.47801551133394243,
      0.47750030174851416,
      0.47426084607839586,
      0.4506986367702484,
      0.4606423357129097,
      0.46254595160484313,
      0.44423895627260207,
      0.44309779882431033,
      0.4312520255148411,
      0.4262938116490841,
      0.40706842064857485,
      0.42066729456186297,
      0.4023240628838539,
      0.3919738030433655,
      0.40429800912737845,
      0.38581606805324553,
      0.3866364757716656,
      0.36421878933906554,
      0.36433548644185065,
      0.35036550387740134,
      0.359497586786747,
      0.34818705812096595,
      0.3553965114057064,
      0.3535099065303802,
      0.35030182123184206,
      0.33173547834157946,
      0.32878548771142957,
      0.32148776471614837,
      0.32963419854640963,
      0.3139036698639393,
      0.3141405300796032,
      0.28697449162602423,
      0.2974852527678013,
      0.2863760443031788,
      0.3007755018770695,
      0.2912571509927511,
      0.28646571695804596,
      0.2903638570010662,
      0.2893863458931446,
      0.27244562059640887,
      0.2668208971619606,
      0.27104302957654,
      0.2679304285347462,
      0.2705162128806114,
      0.2671371778845787,
      0.253040781468153,
      0.2494378922134638,
      0.2522876971960068,
      0.24809888765215873,
      0.24192718766629695
    ],
    "train_acc": [
      31.3125,
      45.8828125,
      50.6640625,
      53.421875,
      56.9765625,
      58.5078125,
      59.8515625,
      61.5703125,
      63.3203125,
      63.5859375,
      65.0390625,
      65.6875,
      67.09375,
      68.4453125,
      67.953125,
      69.2421875,
      70.1640625,
      70.75,
      71.75,
      72.703125,
      73.1875,
      73.8671875,
      74.5,
      74.8515625,
      74.6796875,
      75.78125,
      75.9375,
      76.40625,
      77.015625,
      77.578125,
      78.6796875,
      78.9609375,
      79.3125,
      78.5078125,
      80.8046875,
      80.453125,
      81.234375,
      81.4140625,
      82.078125,
      82.3046875,
      82.1640625,
      82.109375,
      83.0703125,
      83.8203125,
      84.46875,
      84.6484375,
      84.796875,
      84.3828125,
      85.3984375,
      85.6640625,
      86.734375,
      86.9765625,
      86.96875,
      87.765625,
      87.390625,
      87.421875,
      87.953125,
      88.046875,
      88.390625,
      89.0703125,
      89.1796875,
      88.890625,
      89.4609375,
      89.6328125,
      89.5703125,
      90.015625,
      90.2578125,
      91.2578125,
      91.046875,
      91.4609375,
      91.15625,
      91.5703125,
      91.578125,
      91.4609375,
      91.4375,
      92.4375,
      92.3828125,
      92.5625,
      92.6015625,
      92.9921875,
      92.7890625,
      93.578125,
      93.3125,
      93.7265625,
      93.203125,
      93.53125,
      93.8125,
      93.625,
      93.7109375,
      94.0859375,
      94.3125,
      94.4375,
      94.4140625,
      94.46875,
      94.9296875,
      94.9296875,
      95.234375,
      94.9140625,
      95.0859375,
      95.4453125
    ],
    "test_loss": [
      1.674391323328018,
      1.4505502164363862,
      1.349904626607895,
      1.3048493736982345,
      1.2481129443645478,
      1.2491224575042725,
      1.1792376536130904,
      1.1305614686012269,
      1.1421605670452117,
      1.099189817905426,
      1.1043062865734101,
      1.1180782186985017,
      1.126957010626793,
      1.1154060578346252,
      1.0492804419994355,
      1.0611773371696471,
      1.0223963767290116,
      1.033300592303276,
      1.027959362268448,
      1.090879875421524,
      1.028647015094757,
      0.9908173739910126,
      0.99969289124012,
      1.009651111960411,
      1.0368104892969132,
      1.0052926218509675,
      1.0164583003520966,
      1.033287523984909,
      0.9797290661931037,
      1.0006200405955314,
      1.0046207773685456,
      1.0179101121425629,
      0.9923400577902793,
      0.9971340906620025,
      1.029551603794098,
      1.0693085542321206,
      0.9926136040687561,
      1.0353405746817588,
      1.0401051545143127,
      1.0643152180314064,
      1.0084130528569222,
      1.0557230460643767,
      1.067450241446495,
      1.0742241960763932,
      1.0442372861504554,
      1.0546862003207207,
      1.0469862818717957,
      1.0538140270113945,
      1.1090630918741227,
      1.063454238474369,
      1.0927202942967416,
      1.0650721985101699,
      1.125035582780838,
      1.1197967088222505,
      1.1195364904403686,
      1.1057969844341278,
      1.1135065573453904,
      1.1514377743005753,
      1.1935384324193001,
      1.1426398426294326,
      1.1715784087777137,
      1.2104578995704651,
      1.2004235664010048,
      1.1861059811711312,
      1.2081290924549102,
      1.21634632229805,
      1.2232673978805542,
      1.2276614174246787,
      1.2021580684185027,
      1.2172914856672288,
      1.1984306424856186,
      1.229996185898781,
      1.2226288759708404,
      1.2514832538366318,
      1.2327221673727036,
      1.2808976244926453,
      1.2427981820702554,
      1.8346953701972961,
      1.2936974954605103,
      1.2994093489646912,
      1.3333724707365036,
      1.3441284024715423,
      1.3231448784470559,
      1.3449857914447785,
      1.3628018528223038,
      1.3440387597680092,
      1.371425399184227,
      1.380958623290062,
      1.3467150026559829,
      1.3818068882822991,
      1.4126925364136695,
      1.415730648636818,
      1.3965198376774788,
      1.3816461145877839,
      1.5114457005262374,
      1.414709179997444,
      1.4042739325761795,
      1.43592578291893,
      1.4369911223649978,
      1.4748708152770995
    ],