{
  "config": {
    "run_name": "exp1_1",
    "out_dir": "./results",
    "seed": 820922401,
    "device": null,
    "bs_train": 128,
    "bs_test": 32,
    "batches": 100,
    "epochs": 100,
    "early_stopping": 3,
    "checkpoints": null,
    "lr": 0.001,
    "reg": 0.001,
    "filters_per_layer": [
      32
    ],
    "pool_every": 4,
    "hidden_dims": [
      100
    ],
    "model_type": "cnn",
    "conv_params": null,
    "pooling_params": null,
    "kw": {},
    "layers_per_block": 2
  },
  "results": {
    "num_epochs": 0,
    "train_loss": [
      1.850227165222168,
      1.5327557694911957,
      1.3864573454856872,
      1.303133487701416,
      1.232247266769409,
      1.1993758296966552,
      1.159073925614357,
      1.097958686351776,
      1.0687079894542695,
      1.0447945040464401,
      1.0301447170972824,
      1.001773943901062,
      0.9652371042966843,
      0.9429447478055955,
      0.922689654827118,
      0.898503046631813,
      0.8854182481765747,
      0.8683186280727386,
      0.8698832285404205,
      0.8506248790025711,
      0.8283003425598144,
      0.7875108373165131,
      0.7921179544925689,
      0.778968157172203,
      0.7478026294708252,
      0.7562671822309494,
      0.7415201205015183,
      0.725187459886074,
      0.7214536839723587,
      0.697045066356659,
      0.6796118381619454,
      0.6617245629429818,
      0.6446088719367981,
      0.6377553179860115,
      0.6147301918268204,
      0.6021773919463158,
      0.6053492692112923,
      0.5849508532881736,
      0.563658693432808,
      0.5644560453295707,
      0.5523275792598724,
      0.5556060168147087,
      0.5574997723102569,
      0.5276482650637626,
      0.5113430693745613,
      0.5023945665359497,
      0.5078695112466812,
      0.4888037458062172,
      0.47924568474292756,
      0.46762382477521897,
      0.46541129976511003,
      0.4598282706737518,
      0.4359078523516655,
      0.43832685470581056,
      0.43384581834077834,
      0.43666030824184415,
      0.41026433795690537,
      0.392859415858984,
      0.40171099185943604,
      0.4121939119696617,
      0.3887494283914566,
      0.37525601327419283,
      0.3592527203261852,
      0.35858014941215516,
      0.35174795493483546,
      0.3596489679813385,
      0.34965082854032514,
      0.33487589880824087,
      0.3370956186950207,
      0.3379682905972004,
      0.3321337983012199,
      0.3241670924425125,
      0.30574711799621584,
      0.3145406796038151,
      0.30194828733801843,
      0.32199599757790565,
      0.3012985445559025,
      0.30241359062492845,
      0.31126156702637675,
      0.29516730830073357,
      0.28032492130994796,
      0.29445759519934656,
      0.2820169599354267,
      0.2861765295267105,
      0.2683808927237987,
      0.2705075268447399,
      0.2804826761782169,
      0.2719405686855316,
      0.2644307605922222,
      0.25321932330727576,
      0.26546973749995234,
      0.2493955674022436,
      0.25772569462656975,
      0.26315208211541175,
      0.2521005704253912,
      0.2501616357266903,
      0.25791628763079644,
      0.24715627640485763,
      0.23508367210626602,
      0.23368780925869942
    ],
    "train_acc": [
      35.5625,
      46.53125,
      52.359375,
      55.2421875,
      58.6328125,
      59.4296875,
      61.875,
      63.9140625,
      64.578125,
      66.015625,
      66.8046875,
      67.0625,
      68.7734375,
      70.0390625,
      70.671875,
      71.859375,
      72.2578125,
      73.2734375,
      73.390625,
      73.6015625,
      74.5703125,
      75.75,
      76.25,
      76.78125,
      78.109375,
      77.7109375,
      78.25,
      78.6015625,
      78.8984375,
      79.9921875,
      80.796875,
      81.46875,
      82.09375,
      82.3046875,
      83.1015625,
      83.5703125,
      83.7890625,
      84.5078125,
      85.4375,
      85.5,
      85.6484375,
      85.7734375,
      85.984375,
      86.8671875,
      87.390625,
      87.9609375,
      88.0,
      88.359375,
      88.7734375,
      89.4296875,
      89.375,
      89.6484375,
      89.8515625,
      90.1484375,
      90.3515625,
      90.34375,
      91.4375,
      91.75,
      91.671875,
      91.578125,
      92.046875,
      92.5,
      92.921875,
      93.140625,
      93.5078125,
      93.2890625,
      93.5078125,
      94.0234375,
      94.015625,
      93.859375,
      94.21875,
      94.3671875,
      94.9765625,
      94.9296875,
      95.1171875,
      94.5234375,
      95.015625,
      95.0234375,
      94.9375,
      95.3515625,
      95.6484375,
      95.453125,
      95.671875,
      95.671875,
      96.359375,
      96.1953125,
      95.765625,
      95.921875,
      96.34375,
      96.625,
      96.2265625,
      96.78125,
      96.46875,
      96.2734375,
      96.421875,
      96.828125,
      96.6640625,
      96.65625,
      96.921875,
      97.109375
    ],
    "test_loss": [
      1.598776743412018,
      1.465719153881073,
      1.3215949934720994,
      1.3020420747995376,
      1.2833826017379761,
      1.1915911215543746,
      1.1772205704450607,
      1.220062255859375,
      1.1586403053998948,
      1.137982406616211,
      1.1288778150081635,
      1.1020083296298981,
      1.0798833006620407,
      1.0797603565454483,
      1.0844489139318467,
      1.0846726435422898,
      1.0781177121400833,
      1.0605940121412276,
      1.063657860159874,
      1.0614766401052476,
      1.0503223550319671,
      1.0356501013040542,
      1.057234962582588,
      1.0742749381065368,
      1.079112640619278,
      1.0610540133714677,
      1.0861419939994812,
      1.0626829159259796,
      1.067603684067726,
      1.0492634254693984,
      1.0750199526548385,
      1.0565779995918274,
      1.0679571852087975,
      1.0991243052482604,
      1.0692472392320633,
      1.0808390009403228,
      1.0917060565948487,
      1.1074294969439507,
      1.109469748735428,
      1.1178426691889762,
      1.1491119867563249,
      1.1515716964006424,
      1.1239890643954278,
      1.141184184551239,
      1.1156124994158745,
      1.1568036749958992,
      1.1406686794757843,
      1.1210076129436493,
      1.1582050758600235,
      1.1759523218870163,
      1.180335739850998,
      1.1795700135827065,
      1.2272160741686822,
      1.1990155482292175,
      1.1925529643893242,
      1.2103755721449851,
      1.2343065485358238,
      1.2003165766596795,
      1.2464422988891601,
      1.266531735062599,
      1.2504304185509683,
      1.2940371942520141,
      1.2357812106609345,
      1.2716516220569611,
      1.3211137387156486,
      1.284398679435253,
      1.2744812873005866,
      1.310538826584816,
      1.303461895287037,
      1.331540904343128,
      1.3136141216754913,
      1.354794682264328,
      1.3507193595170974,
      1.3445971143245696,
      1.4031525701284409,
      1.3879269790649413,
      1.3709012615680694,
      1.3732052958011627,
      1.3939998251199723,
      1.3942372053861618,
      1.37087082862854,
      1.4047790884971618,
      1.4044593358039856,
      1.34768237054348,
      1.3750497487187385,
      1.3858407828211785,
      1.4258283206820488,
      1.4403098404407502,
      1.4204761362075806,
      1.4246497189998626,
      1.3842922481894493,
      1.4464649450778961,
      1.456378159224987,
      1.4390934830904007,
      1.4459962391853332,
      1.4636843517422675,
      1.4422608679533004,
      1.4462936210632324,
      1.499401063323021,
      1.4387533313035965
    ],