{
  "config": {
    "run_name": "exp1_3",
    "out_dir": "./results",
    "seed": 1015330726,
    "device": null,
    "bs_train": 128,
    "bs_test": 32,
    "batches": 100,
    "epochs": 100,
    "early_stopping": 3,
    "checkpoints": null,
    "lr": 0.001,
    "reg": 0.001,
    "filters_per_layer": [
      64,
      128
    ],
    "pool_every": 2,
    "hidden_dims": [
      100
    ],
    "model_type": "cnn",
    "conv_params": null,
    "pooling_params": null,
    "kw": {},
    "layers_per_block": 4
  },
  "results": {
    "num_epochs": 0,
    "train_loss": [
      2.303324348926544,
      2.3027883052825926,
      2.3029162287712097,
      2.3027654242515565,
      2.3027512335777285,
      2.302800533771515,
      2.3027114915847777,
      2.3026422309875487,
      2.302757058143616,
      2.302751030921936,
      2.3028225708007812,
      2.3027954840660096,
      2.3026773619651792,
      2.3026521182060242,
      2.3026683354377746,
      2.3026319217681883,
      2.302847511768341,
      2.302714126110077,
      2.3025729513168334,
      2.3028054022789,
      2.302638838291168,
      2.30275675535202,
      2.3026886343955995,
      2.3026374530792237,
      2.3025909948348997,
      2.3026640820503235,
      2.3027490758895874,
      2.30256148815155,
      2.3027430391311645,
      2.302636692523956,
      2.302655951976776,
      2.302589166164398,
      2.3027291774749754,
      2.3027182269096373,
      2.3026929020881655,
      2.3027059721946714,
      2.302702713012695,
      2.3026221013069152,
      2.302462034225464,
      2.30268449306488,
      2.3026874923706053,
      2.302731940746307,
      2.302562792301178,
      2.3027519369125367,
      2.302699010372162,
      2.3025481915473938,
      2.3026947474479673,
      2.3027343559265137,
      2.3026667857170104,
      2.302662026882172,
      2.3026629376411436,
      2.3027324581146242,
      2.3026464891433718,
      2.3026894402503966,
      2.3027478408813478,
      2.3027415251731873,
      2.302647075653076,
      2.3026666140556333,
      2.302631859779358,
      2.3026384329795837,
      2.3027140426635744,
      2.3025806665420534,
      2.302665958404541,
      2.3026916766166687,
      2.302704088687897,
      2.302710874080658,
      2.3025263595581054,
      2.3026859736442566,
      2.302751839160919,
      2.302683877944946,
      2.3027347922325134,
      2.3026103377342224,
      2.302698459625244,
      2.3027199387550352,
      2.3027451992034913,
      2.3027091884613036,
      2.3025731253623962,
      2.3026005530357363,
      2.3026377606391906,
      2.3025424456596375,
      2.302778670787811,
      2.3025481963157652,
      2.302626130580902,
      2.3026985931396484,
      2.302697472572327,
      2.3027433061599734,
      2.3027139377593993,
      2.302415871620178,
      2.302655208110809,
      2.302704894542694,
      2.3027723050117492,
      2.302636580467224,
      2.3025504517555238,
      2.302750849723816,
      2.3026769042015074,
      2.3027301597595216,
      2.3026591897010804,
      2.302580547332764,
      2.3026342678070066,
      2.3027751803398133
    ],
    "train_acc": [
      9.984375,
      9.859375,
      10.265625,
      10.234375,
      10.203125,
      9.9296875,
      10.1328125,
      9.8515625,
      10.203125,
      10.2734375,
      9.8671875,
      9.78125,
      10.1875,
      10.265625,
      10.125,
      9.765625,
      10.0546875,
      9.7421875,
      10.09375,
      9.8046875,
      10.109375,
      9.9140625,
      10.1171875,
      10.2421875,
      9.8828125,
      10.0234375,
      9.7734375,
      10.1171875,
      9.5390625,
      10.125,
      10.0625,
      10.125,
      9.84375,
      9.9296875,
      10.03125,
      10.0,
      9.7265625,
      9.8671875,
      10.4453125,
      10.125,
      10.1484375,
      9.8828125,
      10.1953125,
      9.8125,
      9.921875,
      10.0,
      9.9453125,
      9.8515625,
      10.0078125,
      9.78125,
      10.1484375,
      9.640625,
      10.0859375,
      9.9765625,
      10.0234375,
      9.8046875,
      9.9140625,
      10.109375,
      10.4140625,
      9.953125,
      10.1015625,
      10.265625,
      9.921875,
      9.78125,
      10.234375,
      9.828125,
      10.34375,
      9.875,
      9.9921875,
      9.6484375,
      9.625,
      10.34375,
      9.8203125,
      10.125,
      9.890625,
      9.9375,
      10.0234375,
      10.3125,
      10.078125,
      9.9921875,
      9.9921875,
      10.0,
      10.546875,
      9.8046875,
      10.0859375,
      9.671875,
      9.8359375,
      10.4296875,
      10.125,
      9.7421875,
      9.921875,
      10.015625,
      9.7578125,
      9.8515625,
      9.90625,
      9.703125,
      10.0703125,
      10.1328125,
      10.03125,
      10.2265625
    ],
    "test_loss": [
      2.30257061958313,
      2.302832190990448,
      2.302824013233185,
      2.3028896141052244,
      2.3028816199302673,
      2.3026148176193235,
      2.3025424003601076,
      2.3029437494277953,
      2.302886176109314,
      2.302798306941986,
      2.3027726221084595,
      2.3027407574653624,
      2.3026486229896546,
      2.3026925826072695,
      2.302544369697571,
      2.302535138130188,
      2.3025712180137634,
      2.302717437744141,
      2.3025526857376097,
      2.302506024837494,
      2.3026064920425413,
      2.3024820399284365,
      2.3025608611106874,
      2.3027063989639283,
      2.302746739387512,
      2.302845072746277,
      2.3026135897636415,
      2.302729914188385,
      2.3026825261116026,
      2.302606384754181,
      2.30262978553772,
      2.302647924423218,
      2.302596311569214,
      2.3024911236763,
      2.3024981355667116,
      2.3025642681121825,
      2.302570331096649,
      2.302653260231018,
      2.3026085615158083,
      2.30267067193985,
      2.3026935863494873,
      2.302664716243744,
      2.3026840567588804,
      2.302654902935028,
      2.3026251673698424,
      2.3026240420341493,
      2.302636902332306,
      2.3026753520965575,
      2.3026087379455564,
      2.3025403952598573,
      2.3025423502922058,
      2.3025732135772703,
      2.3026449394226076,
      2.3026857733726502,
      2.302582497596741,
      2.3025180816650392,
      2.3029300451278685,
      2.3026216077804564,
      2.302691307067871,
      2.30252920627594,
      2.302544686794281,
      2.3025681829452513,
      2.3026955056190492,
      2.3026750254631043,
      2.302632396221161,
      2.3026315689086916,
      2.302669861316681,
      2.3025788855552674,
      2.3025693988800047,
      2.3026269006729128,
      2.3024801445007324,
      2.3025434684753416,
      2.3026399564743043,
      2.3026315641403197,
      2.3026110124588013,
      2.3025914907455443,
      2.302717137336731,
      2.3026069951057435,
      2.302611060142517,
      2.3026954793930052,
      2.3027170372009276,
      2.3026416063308717,
      2.302633509635925,
      2.3026458263397216,
      2.3026117944717406,
      2.3026494359970093,
      2.3025993728637695,
      2.3027577090263365,
      2.302798888683319,
      2.302737948894501,
      2.302638740539551,
      2.3027008533477784,
      2.302764275074005,
      2.3026578569412233,
      2.3027157831192016,
      2.3027164220809935,
      2.3027222466468813,
      2.3026273155212404,
      2.3026841831207276,
      2.302577931880951
    ],