{
  "config": {
    "run_name": "exp1_1",
    "out_dir": "./results",
    "seed": 1721074301,
    "device": null,
    "bs_train": 128,
    "bs_test": 32,
    "batches": 100,
    "epochs": 100,
    "early_stopping": 3,
    "checkpoints": null,
    "lr": 0.001,
    "reg": 0.001,
    "filters_per_layer": [
      64
    ],
    "pool_every": 4,
    "hidden_dims": [
      100
    ],
    "model_type": "cnn",
    "conv_params": null,
    "pooling_params": null,
    "kw": {},
    "layers_per_block": 4
  },
  "results": {
    "num_epochs": 0,
    "train_loss": [
      1.9715705192089081,
      1.594706027507782,
      1.4570051836967468,
      1.3504046380519867,
      1.2874548661708831,
      1.1953068143129348,
      1.156122105717659,
      1.111374961733818,
      1.0386459082365036,
      0.9767340385913849,
      0.9287951612472534,
      0.9010295403003693,
      0.856710724234581,
      0.8213049829006195,
      0.7765936136245728,
      0.7586454939842224,
      0.709550541639328,
      0.710306722521782,
      0.6619885808229446,
      0.6432893022894859,
      0.6177636569738388,
      0.5923334437608719,
      0.5826990613341332,
      0.5560921609401703,
      0.514585426747799,
      0.5162919804453849,
      0.4902799406647682,
      0.46542273968458175,
      0.46153777837753296,
      0.4418115209043026,
      0.4118205624818802,
      0.4022711044549942,
      0.3853144270181656,
      0.3745029512047768,
      0.3583340027928352,
      0.3340886446833611,
      0.3215161681175232,
      0.3208091142773628,
      0.3054262067377567,
      0.30762993410229683,
      0.2854711650311947,
      0.2692547020316124,
      0.2663373686373234,
      0.27045428290963175,
      0.2661507205665112,
      0.24585688672959805,
      0.25659824870526793,
      0.22859358169138433,
      0.25679685711860656,
      0.23200652353465556,
      0.2226235429942608,
      0.20880049027502537,
      0.20900661543011664,
      0.20541635125875474,
      0.20119309514760972,
      0.20924179829657077,
      0.18350202351808548,
      0.1933296276628971,
      0.20742954030632973,
      0.19105122238397598,
      0.2065988764166832,
      0.18311904944479465,
      0.1876324374973774,
      0.17570930950343608,
      0.1780299346894026,
      0.17297064378857613,
      0.17231607429683207,
      0.16778000839054585,
      0.17496189914643764,
      0.16627329990267753,
      0.16077633414417505,
      0.17686596654355527,
      0.18033755786716937,
      0.177969027236104,
      0.1603887051716447,
      0.1563554998487234,
      0.1508757248520851,
      0.15399898275732993,
      0.17131294906139374,
      0.14784520857036113,
      0.1496419730782509,
      0.16040067039430142,
      0.17593432031571865,
      0.15795809235423802,
      0.16630454905331135,
      0.14883917696774007,
      0.15125445157289505,
      0.14224347356706857,
      0.14638165988028048,
      0.13633911728858947,
      0.1313577101007104,
      0.17615216936916112,
      0.1550174880772829,
      0.1402316828072071,
      0.15702251017093657,
      0.13479859977960587,
      0.15001488216221331,
      0.14562470264732838,
      0.14897211574018002,
      0.1480599879473448
    ],
    "train_acc": [
      28.6484375,
      44.3671875,
      48.75,
      53.3671875,
      55.7890625,
      59.2109375,
      61.1953125,
      63.046875,
      65.8515625,
      68.453125,
      70.3359375,
      71.109375,
      73.1875,
      74.7421875,
      76.1328125,
      77.2578125,
      79.1953125,
      78.828125,
      80.8359375,
      81.7734375,
      82.8515625,
      84.203125,
      83.65625,
      85.3828125,
      87.234375,
      86.65625,
      87.71875,
      88.7734375,
      89.09375,
      90.1015625,
      90.6796875,
      91.0625,
      91.546875,
      92.21875,
      92.6171875,
      93.4765625,
      93.9765625,
      93.9765625,
      94.734375,
      94.609375,
      95.2109375,
      95.7578125,
      95.8359375,
      95.578125,
      95.7265625,
      96.4765625,
      96.0,
      97.0703125,
      96.1328125,
      96.765625,
      96.96875,
      97.28125,
      97.625,
      97.546875,
      97.71875,
      97.3125,
      97.96875,
      97.75,
      97.546875,
      97.921875,
      97.6484375,
      98.0625,
      98.03125,
      98.3046875,
      98.4140625,
      98.375,
      98.3203125,
      98.484375,
      98.359375,
      98.4609375,
      98.640625,
      98.3828125,
      98.328125,
      98.265625,
      98.625,
      98.65625,
      99.0,
      98.6953125,
      98.5234375,
      98.84375,
      98.9140625,
      98.8203125,
      98.578125,
      98.8359375,
      98.5859375,
      98.9375,
      98.8359375,
      99.09375,
      99.0859375,
      99.078125,
      99.1328125,
      98.671875,
      98.8828125,
      99.0,
      98.6484375,
      99.1328125,
      98.984375,
      98.984375,
      98.9609375,
      99.0859375
    ],
    "test_loss": [
      1.6862788116931915,
      1.463860923051834,
      1.389098436832428,
      1.3284675914049149,
      1.2825469356775283,
      1.1990198719501495,
      1.192148048877716,
      1.155723375082016,
      1.1035752415657043,
      1.0504639714956283,
      1.0566673481464386,
      1.0428011548519134,
      1.0275843417644501,
      1.0182571560144424,
      0.9981382066011428,
      0.9764280548691749,
      0.9891711586713791,
      1.0023614656925202,
      0.9882941201329232,
      1.0275795525312423,
      0.9827407187223435,
      0.9872372704744339,
      1.0190886569023132,
      0.9934719190001488,
      0.9860682216286659,
      1.0660840880870819,
      1.0534703037142754,
      1.0606534200906754,
      1.0771983018517495,
      1.1034614270925522,
      1.2014936253428459,
      1.1889704066514968,
      1.1812580192089082,
      1.188692869246006,
      1.1723152285814284,
      1.1919027477502824,
      1.277957552075386,
      1.22433127194643,
      1.24595025151968,
      1.2823892802000045,
      1.2539232766628265,
      1.3067440032958983,
      1.3436458915472032,
      1.3636923104524612,
      1.3164681813120842,
      1.40387182533741,
      1.3708114832639695,
      1.44702381670475,
      1.3332978415489196,
      1.3959619987010956,
      1.4229599204659462,
      1.3803959116339684,
      1.392856622338295,
      1.4961058762669563,
      1.4698797059059143,
      1.4383025085926056,
      1.485259812772274,
      1.4970137894153595,
      1.499868437051773,
      1.528192150592804,
      1.6159402114152908,
      1.622871703505516,
      1.534708901643753,
      1.5377108442783356,
      1.6018062484264375,
      1.6065148574113846,
      1.566994251012802,
      1.6048035377264023,
      1.5880729728937149,
      1.5873715713620187,
      1.6011949414014817,
      1.636276074051857,
      1.6456154441833497,
      1.609239313006401,
      1.5528031945228578,
      1.6975887179374696,
      1.6271964114904405,
      1.6573048055171966,
      1.600047357082367,
      1.6581474143266677,
      1.6168136703968048,
      1.6108171874284745,
      1.5724597841501236,
      1.6047386473417282,
      1.6040416368842125,
      1.6820095241069795,
      1.631871191263199,
      1.6954364609718322,
      1.7242651492357255,
      1.7089920032024384,
      1.6751207566261292,
      1.7260242918133735,
      1.6055536809563637,
      1.7116170990467072,
      1.6341527384519576,
      1.651752865612507,
      1.6817109793424607,
      1.6786404460668565,
      1.7347000420093537,
      1.7033763539791107
    ],