{
  "config": {
    "run_name": "exp1_1",
    "out_dir": "./results",
    "seed": 1994361008,
    "device": null,
    "bs_train": 128,
    "bs_test": 32,
    "batches": 100,
    "epochs": 100,
    "early_stopping": 3,
    "checkpoints": null,
    "lr": 0.001,
    "reg": 0.001,
    "filters_per_layer": [
      64
    ],
    "pool_every": 4,
    "hidden_dims": [
      100
    ],
    "model_type": "cnn",
    "conv_params": null,
    "pooling_params": null,
    "kw": {},
    "layers_per_block": 8
  },
  "results": {
    "num_epochs": 0,
    "train_loss": [
      2.30315895318985,
      2.3032682275772096,
      2.303057110309601,
      2.3027547645568847,
      2.3028675079345704,
      2.302713677883148,
      2.302510995864868,
      2.302763283252716,
      2.3027819633483886,
      2.302676651477814,
      2.30272700548172,
      2.302691617012024,
      2.3026317310333253,
      2.3026479840278626,
      2.3027178478240966,
      2.3025414419174193,
      2.3026545000076295,
      2.302679536342621,
      2.3027294301986694,
      2.3026455879211425,
      2.302775807380676,
      2.302612247467041,
      2.3027279686927797,
      2.302672281265259,
      2.3027355003356935,
      2.3026338267326354,
      2.302658243179321,
      2.3027179789543153,
      2.302690920829773,
      2.3026706862449644,
      2.302690668106079,
      2.302761507034302,
      2.302700481414795,
      2.302686517238617,
      2.3026217198371888,
      2.3026505732536315,
      2.3028157925605774,
      2.302733294963837,
      2.3026281595230103,
      2.302766191959381,
      2.302607209682465,
      2.3026532530784607,
      2.3026654887199403,
      2.3026824736595155,
      2.302671592235565,
      2.3026785922050474,
      2.302720582485199,
      2.3024644923210142,
      2.3027808451652527,
      2.3027754473686217,
      2.302688000202179,
      2.302620298862457,
      2.3026969814300537,
      2.3026613783836365,
      2.3026793146133424,
      2.3026783514022826,
      2.3026788234710693,
      2.3026476550102233,
      2.302616400718689,
      2.3026996541023252,
      2.302942349910736,
      2.3027419424057007,
      2.3026984262466432,
      2.3025678515434267,
      2.3024997448921205,
      2.3027870893478393,
      2.3025842261314393,
      2.302768008708954,
      2.302695109844208,
      2.302617189884186,
      2.302675166130066,
      2.3026876759529116,
      2.302724106311798,
      2.302590913772583,
      2.30272066116333,
      2.302698929309845,
      2.302696957588196,
      2.3025569248199464,
      2.302724986076355,
      2.3027087593078615,
      2.302629373073578,
      2.302602870464325,
      2.302648823261261,
      2.3023945331573485,
      2.302652440071106,
      2.302645902633667,
      2.302713568210602,
      2.302702422142029,
      2.302664947509766,
      2.302642328739166,
      2.30260947227478,
      2.3025914907455443,
      2.3027706480026247,
      2.3026484441757202,
      2.3028407859802247,
      2.302600073814392,
      2.302602295875549,
      2.3027748799324037,
      2.302572135925293,
      2.3026991200447084
    ],
    "train_acc": [
      10.4140625,
      9.5625,
      9.484375,
      10.375,
      9.9453125,
      9.9609375,
      10.1796875,
      9.8828125,
      9.7890625,
      10.34375,
      9.7578125,
      10.046875,
      10.078125,
      9.7578125,
      10.140625,
      10.3203125,
      9.9453125,
      9.984375,
      9.8671875,
      9.71875,
      9.90625,
      10.09375,
      10.1953125,
      10.1640625,
      9.7421875,
      9.71875,
      9.9609375,
      9.765625,
      9.9765625,
      9.90625,
      10.28125,
      9.8984375,
      9.8046875,
      10.0,
      9.953125,
      10.140625,
      10.140625,
      9.8359375,
      9.9765625,
      9.609375,
      10.15625,
      9.9375,
      10.234375,
      10.078125,
      9.6640625,
      9.9921875,
      10.2421875,
      10.5234375,
      9.84375,
      9.9296875,
      9.8828125,
      10.1328125,
      10.1015625,
      10.2265625,
      9.7890625,
      9.8125,
      10.1875,
      9.8046875,
      10.1953125,
      9.890625,
      10.140625,
      9.984375,
      9.84375,
      10.2578125,
      10.2890625,
      9.8203125,
      10.453125,
      9.78125,
      9.6875,
      10.25,
      9.640625,
      9.8828125,
      10.0078125,
      10.3515625,
      9.9375,
      9.8125,
      10.03125,
      10.421875,
      9.7421875,
      9.6171875,
      9.8984375,
      9.8984375,
      9.640625,
      10.2265625,
      9.890625,
      10.2109375,
      9.671875,
      10.0859375,
      10.09375,
      10.3125,
      10.21875,
      10.1171875,
      10.1640625,
      9.6796875,
      9.609375,
      9.8671875,
      9.8828125,
      9.921875,
      10.3515625,
      9.7265625
    ],
    "test_loss": [
      2.3027445483207702,
      2.302334363460541,
      2.302539825439453,
      2.3023746609687805,
      2.3024277114868164,
      2.3024238181114196,
      2.3023402738571166,
      2.302424256801605,
      2.30275452375412,
      2.302528369426727,
      2.3027573370933534,
      2.3026418232917787,
      2.3026469469070436,
      2.3025918006896973,
      2.302667315006256,
      2.302770974636078,
      2.3025798702239992,
      2.302622847557068,
      2.3025057435035707,
      2.302472949028015,
      2.3025964593887327,
      2.3025578451156616,
      2.302476935386658,
      2.302460732460022,
      2.302589590549469,
      2.302480478286743,
      2.30254997253418,
      2.302498185634613,
      2.302655293941498,
      2.302546145915985,
      2.3025513744354247,
      2.3025566840171816,
      2.3027534532546996,
      2.302595860958099,
      2.30259859085083,
      2.302658488750458,
      2.3027733850479124,
      2.3027568435668946,
      2.3027028679847716,
      2.30260751247406,
      2.30252094745636,
      2.302679035663605,
      2.302640292644501,
      2.3026054239273073,
      2.302539484500885,
      2.3026644015312194,
      2.3026828169822693,
      2.302861466407776,
      2.302711865901947,
      2.302635819911957,
      2.302667832374573,
      2.302605092525482,
      2.302508625984192,
      2.302636523246765,
      2.3026186633110046,
      2.3026254630088805,
      2.302562518119812,
      2.3025071835517883,
      2.3025362348556517,
      2.3026316809654235,
      2.3030038332939147,
      2.302560420036316,
      2.3025448346138,
      2.302546808719635,
      2.302734534740448,
      2.302660593986511,
      2.3027000713348387,
      2.302533369064331,
      2.3025163769721986,
      2.3024848461151124,
      2.3024827313423155,
      2.302552435398102,
      2.302578213214874,
      2.3025920677185057,
      2.3025390219688417,
      2.3025805616378783,
      2.3025542974472044,
      2.3025754570960997,
      2.3026189613342285,
      2.3025753903388977,
      2.3024528360366823,
      2.3024755930900573,
      2.3024349880218504,
      2.3023515009880064,
      2.30249972820282,
      2.3025799942016603,
      2.3025481724739074,
      2.3026107263565065,
      2.3025777769088744,
      2.3025466895103452,
      2.302595670223236,
      2.302608304023743,
      2.3025110507011415,
      2.302569134235382,
      2.3025885343551638,
      2.3026287007331847,
      2.30264506816864,
      2.302568826675415,
      2.302479372024536,
      2.3026387429237367
    ],