{
  "config": {
    "run_name": "exp1_4",
    "out_dir": "./results",
    "seed": 1046071681,
    "device": null,
    "bs_train": 128,
    "bs_test": 32,
    "batches": 100,
    "epochs": 100,
    "early_stopping": 3,
    "checkpoints": null,
    "lr": 0.001,
    "reg": 0.001,
    "filters_per_layer": [
      64,
      128,
      256
    ],
    "pool_every": 6,
    "hidden_dims": [
      100
    ],
    "model_type": "cnn",
    "conv_params": null,
    "pooling_params": null,
    "kw": {},
    "layers_per_block": 8
  },
  "results": {
    "num_epochs": 0,
    "train_loss": [
      2.303820207118988,
      2.3030192708969115,
      2.3030475783348083,
      2.3028973722457886,
      2.3029348492622375,
      2.3028633618354797,
      2.302809405326843,
      2.302763361930847,
      2.302713849544525,
      2.3027515530586244,
      2.3027397847175597,
      2.302683210372925,
      2.3027324509620666,
      2.302822232246399,
      2.302562532424927,
      2.302683320045471,
      2.3026718616485597,
      2.302847988605499,
      2.3027250218391417,
      2.3027277827262878,
      2.3027175164222715,
      2.302725751399994,
      2.3026063537597654,
      2.302709927558899,
      2.302643024921417,
      2.3026741695404054,
      2.302679862976074,
      2.3026619696617128,
      2.3025967335700988,
      2.3026869320869445,
      2.3027291655540467,
      2.302744398117065,
      2.302501497268677,
      2.302658643722534,
      2.302711510658264,
      2.3027132105827333,
      2.302592701911926,
      2.3026693534851073,
      2.302746171951294,
      2.3026840567588804,
      2.3026615834236144,
      2.3026954674720765,
      2.3027921390533446,
      2.30262713432312,
      2.302721161842346,
      2.3026260113716126,
      2.302653918266296,
      2.302709903717041,
      2.302718460559845,
      2.3026587700843812,
      2.302585117816925,
      2.3027040815353392,
      2.302681334018707,
      2.302563486099243,
      2.3026102066040037,
      2.3026767778396606,
      2.3026467084884645,
      2.3027629923820494,
      2.302648952007294,
      2.3026115798950197,
      2.302558407783508,
      2.3027134847640993,
      2.3026046562194824,
      2.302490003108978,
      2.3027511763572694,
      2.302624762058258,
      2.302833662033081,
      2.3025271320343017,
      2.302941126823425,
      2.302649829387665,
      2.3027165293693543,
      2.302564413547516,
      2.302712607383728,
      2.3027207231521607,
      2.3026497983932495,
      2.3027185297012327,
      2.3027072453498842,
      2.302685811519623,
      2.3025964069366456,
      2.302602174282074,
      2.3027807211875917,
      2.3027400612831115,
      2.3027314734458924,
      2.302665193080902,
      2.3027123045921325,
      2.302615954875946,
      2.3026851487159727,
      2.302633559703827,
      2.3026843237876893,
      2.3026838541030883,
      2.3025762391090394,
      2.3026777648925782,
      2.302776248455048,
      2.302675492763519,
      2.3027218341827393,
      2.3026122188568117,
      2.302741801738739,
      2.3026609230041504,
      2.3026187682151793,
      2.302682318687439
    ],
    "train_acc": [
      9.8828125,
      10.421875,
      9.8046875,
      9.859375,
      10.234375,
      9.8125,
      9.921875,
      10.40625,
      9.984375,
      9.609375,
      9.875,
      10.03125,
      9.578125,
      9.7578125,
      10.6171875,
      10.03125,
      10.1171875,
      9.8359375,
      9.96875,
      9.7734375,
      9.7265625,
      9.8671875,
      10.1328125,
      10.0,
      10.03125,
      10.140625,
      9.71875,
      9.7890625,
      10.390625,
      9.9375,
      10.0703125,
      9.4609375,
      10.4921875,
      9.84375,
      9.5703125,
      9.8984375,
      10.0703125,
      9.984375,
      9.859375,
      9.78125,
      9.984375,
      10.15625,
      9.7109375,
      10.0234375,
      9.734375,
      10.0390625,
      10.25,
      9.828125,
      9.8125,
      9.984375,
      10.140625,
      9.859375,
      10.203125,
      10.09375,
      10.265625,
      10.34375,
      10.21875,
      10.0703125,
      9.9921875,
      10.328125,
      10.28125,
      9.96875,
      9.9296875,
      10.546875,
      9.7734375,
      10.0078125,
      10.3125,
      10.5,
      9.625,
      9.7578125,
      9.7109375,
      10.2421875,
      9.71875,
      9.859375,
      9.9765625,
      10.0234375,
      9.4453125,
      10.0,
      10.15625,
      10.34375,
      9.515625,
      9.953125,
      9.734375,
      9.703125,
      9.6875,
      10.1875,
      10.1484375,
      10.15625,
      9.9765625,
      9.7734375,
      9.6953125,
      10.4375,
      9.53125,
      9.828125,
      9.9296875,
      10.078125,
      9.9140625,
      9.4375,
      9.9921875,
      10.2265625
    ],
    "test_loss": [
      2.3027070713043214,
      2.3027460193634033,
      2.3024183893203736,
      2.3032184624671936,
      2.3027355790138246,
      2.3025801086425783,
      2.302760212421417,
      2.3026650857925417,
      2.30261536359787,
      2.3025284123420717,
      2.302449469566345,
      2.302545256614685,
      2.3024235701560976,
      2.3025470852851866,
      2.302437164783478,
      2.3024482202529906,
      2.3023939156532287,
      2.3025947880744932,
      2.302549831867218,
      2.3026523208618164,
      2.3026700901985167,
      2.302746298313141,
      2.302771284580231,
      2.3028125309944154,
      2.3028495717048645,
      2.302636604309082,
      2.302606987953186,
      2.302602436542511,
      2.3024618887901305,
      2.3023890113830565,
      2.3024998116493225,
      2.302576096057892,
      2.302784903049469,
      2.30274552822113,
      2.302711751461029,
      2.3026468443870542,
      2.302817406654358,
      2.302704381942749,
      2.302744789123535,
      2.302664279937744,
      2.3026092863082885,
      2.3025052404403685,
      2.302600121498108,
      2.302667167186737,
      2.3025908041000367,
      2.3024908614158632,
      2.302512447834015,
      2.30241348028183,
      2.302588953971863,
      2.3026503896713257,
      2.3027822184562683,
      2.3027033972740174,
      2.302753891944885,
      2.302857668399811,
      2.302815172672272,
      2.302787265777588,
      2.302778146266937,
      2.3025964760780333,
      2.302442338466644,
      2.302376742362976,
      2.3023350048065185,
      2.3023526287078857,
      2.302470211982727,
      2.3025224018096924,
      2.3025215244293213,
      2.3026024413108828,
      2.302725353240967,
      2.3025830149650575,
      2.3026119375228884,
      2.3026699090003966,
      2.3026579809188843,
      2.302737684249878,
      2.3027243208885193,
      2.30258992433548,
      2.302623031139374,
      2.302617220878601,
      2.3025552105903624,
      2.3024413990974426,
      2.3024858403205872,
      2.302596938610077,
      2.3025634932518004,
      2.3026141929626465,
      2.302604064941406,
      2.3026324272155763,
      2.3025748467445375,
      2.3024396824836733,
      2.3024383354187012,
      2.3025290727615357,
      2.30245954990387,
      2.3025378155708314,
      2.3024953055381774,
      2.3025667238235474,
      2.3025534629821776,
      2.3026538133621215,
      2.3027225303649903,
      2.3027414059638978,
      2.302721071243286,
      2.302667825222015,
      2.3027109003067014,
      2.3024964261054994
    ],