{
  "config": {
    "run_name": "exp1_1",
    "out_dir": "./results",
    "seed": 1717838583,
    "device": null,
    "bs_train": 128,
    "bs_test": 32,
    "batches": 100,
    "epochs": 100,
    "early_stopping": 3,
    "checkpoints": null,
    "lr": 0.001,
    "reg": 0.001,
    "filters_per_layer": [
      32
    ],
    "pool_every": 4,
    "hidden_dims": [
      100
    ],
    "model_type": "cnn",
    "conv_params": null,
    "pooling_params": null,
    "kw": {},
    "layers_per_block": 16
  },
  "results": {
    "num_epochs": 0,
    "train_loss": [
      2.303248043060303,
      2.303064110279083,
      2.302890832424164,
      2.3027862691879273,
      2.3028388619422913,
      2.302778191566467,
      2.3029595971107484,
      2.302870924472809,
      2.302813413143158,
      2.302853124141693,
      2.302734923362732,
      2.3026728343963625,
      2.3026887345314027,
      2.3029066252708437,
      2.3026754879951477,
      2.3028176832199097,
      2.3026717567443846,
      2.302716200351715,
      2.302748761177063,
      2.302742590904236,
      2.3025475454330446,
      2.3027009987831115,
      2.3027626943588255,
      2.3027597999572755,
      2.302694354057312,
      2.3026388621330263,
      2.3026420783996584,
      2.302555778026581,
      2.302770097255707,
      2.3026767921447755,
      2.3027421951293947,
      2.3026402235031127,
      2.302606949806213,
      2.302603051662445,
      2.302711081504822,
      2.3027392339706423,
      2.3026413798332213,
      2.302701029777527,
      2.30258145570755,
      2.3027998352050782,
      2.3025678825378417,
      2.302585723400116,
      2.3027310943603516,
      2.3025895166397095,
      2.302803702354431,
      2.3027495312690736,
      2.3026867175102232,
      2.302680537700653,
      2.3026381015777586,
      2.3027089977264406,
      2.3026875400543214,
      2.3026913738250734,
      2.3025851464271545,
      2.302615270614624,
      2.3027543234825134,
      2.302734954357147,
      2.3025466322898867,
      2.3026519632339477,
      2.3026762557029725,
      2.3027301263809203,
      2.302712881565094,
      2.302663788795471,
      2.3026051783561705,
      2.302726323604584,
      2.3026673793792725,
      2.302692482471466,
      2.3026776719093323,
      2.3026133298873903,
      2.3025470423698424,
      2.3028913879394532,
      2.302650873661041,
      2.3025690627098085,
      2.3026687002182005,
      2.3027478194236757,
      2.3027181935310366,
      2.3026256108284,
      2.302622241973877,
      2.3025880789756776,
      2.302729170322418,
      2.3026175403594973,
      2.302685179710388,
      2.3026682138442993,
      2.3027362394332886,
      2.3026315116882325,
      2.302691297531128,
      2.3026781129837035,
      2.3026144123077392,
      2.302673134803772,
      2.302638821601868,
      2.302751717567444,
      2.3026751351356505,
      2.3025678539276124,
      2.3027535772323606,
      2.3025164198875427,
      2.3026733994483948,
      2.302647693157196,
      2.302702834606171,
      2.3027705216407774,
      2.3026150369644167,
      2.302740926742554
    ],
    "train_acc": [
      10.1328125,
      9.890625,
      10.125,
      10.265625,
      9.9921875,
      9.828125,
      9.8203125,
      9.890625,
      9.8046875,
      10.3359375,
      10.0546875,
      9.9609375,
      10.234375,
      9.75,
      10.078125,
      10.1484375,
      10.1640625,
      10.0234375,
      10.140625,
      10.015625,
      10.2578125,
      9.859375,
      9.9921875,
      9.765625,
      9.8125,
      10.1484375,
      10.0625,
      10.265625,
      9.9453125,
      9.96875,
      9.90625,
      10.0390625,
      10.3671875,
      10.15625,
      9.921875,
      10.0703125,
      10.0078125,
      10.1875,
      10.21875,
      10.015625,
      9.8828125,
      10.0234375,
      10.1328125,
      10.59375,
      9.625,
      9.78125,
      9.78125,
      10.0703125,
      10.296875,
      9.765625,
      9.96875,
      10.0546875,
      10.0546875,
      10.5234375,
      9.4921875,
      10.0078125,
      10.1015625,
      10.1015625,
      9.9921875,
      9.6640625,
      9.8515625,
      9.875,
      9.9609375,
      9.9296875,
      10.2109375,
      10.109375,
      9.9765625,
      10.2109375,
      10.609375,
      9.28125,
      10.078125,
      10.4375,
      10.1015625,
      9.8125,
      9.9453125,
      9.921875,
      10.046875,
      10.421875,
      9.859375,
      10.1171875,
      10.109375,
      10.09375,
      9.671875,
      10.140625,
      9.8359375,
      10.0,
      10.3515625,
      10.03125,
      10.0234375,
      9.7109375,
      9.8125,
      10.09375,
      9.796875,
      10.640625,
      10.234375,
      9.9765625,
      9.8984375,
      9.9921875,
      10.140625,
      9.7890625
    ],
    "test_loss": [
      2.303227252960205,
      2.303430395126343,
      2.302935335636139,
      2.302964651584625,
      2.302754487991333,
      2.302828335762024,
      2.3027562499046326,
      2.302545223236084,
      2.3025890016555786,
      2.302704544067383,
      2.3026140546798706,
      2.3026443028450014,
      2.302592055797577,
      2.302622501850128,
      2.3025545358657835,
      2.3024985861778258,
      2.3026546812057496,
      2.3026660299301147,
      2.3026177406311037,
      2.3027765488624574,
      2.3028202128410338,
      2.3027228212356565,
      2.3027413153648375,
      2.3027480173110964,
      2.3026489186286927,
      2.3026228451728823,
      2.30248939037323,
      2.302471776008606,
      2.30244478225708,
      2.3025825691223143,
      2.3026307678222655,
      2.3028402280807496,
      2.3027734398841857,
      2.302781183719635,
      2.302651054859161,
      2.3026833748817443,
      2.302623059749603,
      2.3025432205200196,
      2.3026243925094603,
      2.302505841255188,
      2.3024682211875915,
      2.302545545101166,
      2.3025563549995423,
      2.3025049567222595,
      2.3026914548873902,
      2.3025724411010744,
      2.3026142072677613,
      2.3026353335380554,
      2.3025895833969114,
      2.302548973560333,
      2.302598490715027,
      2.3025257182121277,
      2.302650821208954,
      2.302732229232788,
      2.3025980806350708,
      2.3026020860672,
      2.3026500654220583,
      2.3026954770088195,
      2.302628574371338,
      2.302695016860962,
      2.302659947872162,
      2.3025075340270997,
      2.3024901509284974,
      2.3025186800956727,
      2.302554559707642,
      2.302670178413391,
      2.3026247668266295,
      2.3027624797821047,
      2.302733106613159,
      2.3026143503189087,
      2.302630612850189,
      2.302558970451355,
      2.3025396704673766,
      2.302567820549011,
      2.302590947151184,
      2.3026283192634582,
      2.302584228515625,
      2.3025939083099365,
      2.3025503396987914,
      2.302552363872528,
      2.302544538974762,
      2.302573916912079,
      2.30252888917923,
      2.3025616216659546,
      2.3025600838661195,
      2.3025126099586486,
      2.302667636871338,
      2.3025719857215883,
      2.302571187019348,
      2.302525882720947,
      2.302630217075348,
      2.3028788995742797,
      2.3027519011497497,
      2.302695665359497,
      2.302784314155579,
      2.3027388620376588,
      2.3026768875122072,
      2.3026131772994995,
      2.302653012275696,
      2.3025317120552065
    ],