{
  "config": {
    "run_name": "exp1_1",
    "out_dir": "./results",
    "seed": 1774080023,
    "device": null,
    "bs_train": 128,
    "bs_test": 32,
    "batches": 100,
    "epochs": 100,
    "early_stopping": 3,
    "checkpoints": null,
    "lr": 0.001,
    "reg": 0.001,
    "filters_per_layer": [
      32
    ],
    "pool_every": 4,
    "hidden_dims": [
      100
    ],
    "model_type": "cnn",
    "conv_params": null,
    "pooling_params": null,
    "kw": {},
    "layers_per_block": 8
  },
  "results": {
    "num_epochs": 0,
    "train_loss": [
      2.303597085475922,
      2.3028114080429076,
      2.302879991531372,
      2.3026407408714293,
      2.3026650023460387,
      2.302771680355072,
      2.3027353739738463,
      2.3026508140563964,
      2.3026654171943663,
      2.302764208316803,
      2.302537353038788,
      2.302663209438324,
      2.3026914739608766,
      2.3026833963394164,
      2.3027674913406373,
      2.3026980853080747,
      2.3026638984680177,
      2.3027046275138856,
      2.302647476196289,
      2.3027177023887635,
      2.3025758552551268,
      2.3026103377342224,
      2.302766828536987,
      2.3026364731788633,
      2.3025199294090273,
      2.302695059776306,
      2.30273104429245,
      2.3025051283836366,
      2.302629816532135,
      2.302568545341492,
      2.302697429656982,
      2.3025677824020385,
      2.302788264751434,
      2.3026018738746643,
      2.3027237343788145,
      2.302636957168579,
      2.3027172446250916,
      2.3027335715293886,
      2.3025428295135497,
      2.3026926803588865,
      2.3027200436592103,
      2.3027480745315554,
      2.302694847583771,
      2.3026467871665957,
      2.3027045249938967,
      2.302665345668793,
      2.302575345039368,
      2.302674570083618,
      2.3026309609413147,
      2.302694008350372,
      2.302588474750519,
      2.3026482009887697,
      2.3026234483718873,
      2.3027866506576538,
      2.3027221608161925,
      2.3027061867713927,
      2.3026448941230773,
      2.3024859976768495,
      2.3026547193527223,
      2.3026800632476805,
      2.3027966618537903,
      2.3026771259307863,
      2.302682795524597,
      2.30270325422287,
      2.302594463825226,
      2.3025084233283994,
      2.3027378487586976,
      2.3027264213562013,
      2.302659749984741,
      2.3026977586746216,
      2.3025734353065492,
      2.302463195323944,
      2.3027830028533938,
      2.3027678298950196,
      2.302740659713745,
      2.3027130722999574,
      2.302700102329254,
      2.302683172225952,
      2.302681360244751,
      2.302662642002106,
      2.302609643936157,
      2.30263147354126,
      2.3025972962379457,
      2.302777750492096,
      2.30272558927536,
      2.302692103385925,
      2.302625458240509,
      2.3027413868904114,
      2.302665956020355,
      2.302732684612274,
      2.3026660251617432,
      2.3027201533317565,
      2.3027100920677186,
      2.3025959873199464,
      2.3027093172073365,
      2.3026774024963377,
      2.302542679309845,
      2.3027488017082214,
      2.302738287448883,
      2.3026928162574767
    ],
    "train_acc": [
      9.71875,
      10.3125,
      9.78125,
      10.3203125,
      10.125,
      9.671875,
      9.5859375,
      10.046875,
      9.8125,
      10.03125,
      10.2265625,
      10.2578125,
      10.171875,
      10.015625,
      9.9375,
      10.2109375,
      10.0078125,
      9.859375,
      10.0703125,
      9.9765625,
      10.0703125,
      10.171875,
      10.1171875,
      10.140625,
      10.21875,
      10.0859375,
      10.1640625,
      10.3359375,
      10.375,
      10.5,
      9.9375,
      10.0234375,
      10.046875,
      10.0859375,
      10.1171875,
      9.9765625,
      9.890625,
      9.875,
      9.9921875,
      10.015625,
      10.09375,
      9.6015625,
      9.75,
      10.0234375,
      9.96875,
      9.9453125,
      9.9296875,
      10.0859375,
      9.9921875,
      9.8203125,
      9.984375,
      9.84375,
      9.8125,
      9.703125,
      10.25,
      10.03125,
      9.9140625,
      10.109375,
      10.0859375,
      10.1484375,
      9.734375,
      10.21875,
      9.6875,
      9.9140625,
      9.7578125,
      10.046875,
      10.203125,
      10.09375,
      9.859375,
      10.21875,
      10.34375,
      10.0859375,
      10.078125,
      9.9296875,
      9.9296875,
      10.1796875,
      9.8984375,
      9.9765625,
      10.03125,
      9.9375,
      9.8125,
      9.8828125,
      10.109375,
      9.8203125,
      10.015625,
      9.984375,
      10.15625,
      9.4921875,
      10.1171875,
      9.9375,
      9.9609375,
      10.2265625,
      9.9765625,
      10.1328125,
      9.8515625,
      9.9609375,
      9.875,
      9.609375,
      9.7890625,
      10.09375
    ],
    "test_loss": [
      2.3030720376968383,
      2.302813651561737,
      2.302819709777832,
      2.302862057685852,
      2.3027266240119935,
      2.302686252593994,
      2.3027406620979307,
      2.3025252652168273,
      2.3024371004104616,
      2.302491548061371,
      2.3025465869903563,
      2.3026272296905517,
      2.3026840567588804,
      2.302703821659088,
      2.3025797176361085,
      2.3027448558807375,
      2.302815325260162,
      2.3027586698532105,
      2.3026301002502443,
      2.3025977206230164,
      2.302691261768341,
      2.3026626300811768,
      2.3026899814605715,
      2.3026568245887757,
      2.3026646780967712,
      2.302562279701233,
      2.3026463198661804,
      2.3026487684249877,
      2.302663960456848,
      2.302580680847168,
      2.3027832770347594,
      2.3026787710189818,
      2.3026134753227234,
      2.3026410150527954,
      2.302602994441986,
      2.3025580501556395,
      2.3026001954078676,
      2.3025393867492676,
      2.3025311732292177,
      2.3026385259628297,
      2.302711672782898,
      2.3027159857749937,
      2.3027300357818605,
      2.302721161842346,
      2.3026307654380798,
      2.302615749835968,
      2.30261376619339,
      2.302776625156403,
      2.302752652168274,
      2.3026877069473266,
      2.3028091096878054,
      2.302850649356842,
      2.3027668499946596,
      2.3025166606903076,
      2.3027543473243712,
      2.3027490258216856,
      2.3028688073158263,
      2.3029632639884947,
      2.3030308413505556,
      2.3029321217536927,
      2.302592918872833,
      2.302639358043671,
      2.302590272426605,
      2.3026076054573057,
      2.3025342535972597,
      2.3026483607292176,
      2.3027442646026612,
      2.302659990787506,
      2.302665796279907,
      2.3025498175621033,
      2.3025990390777586,
      2.302595107555389,
      2.302592070102692,
      2.302512860298157,
      2.302602651119232,
      2.3026941633224487,
      2.302610125541687,
      2.3025758051872254,
      2.302730634212494,
      2.302714078426361,
      2.302575945854187,
      2.3024674034118653,
      2.3024509263038637,
      2.302520432472229,
      2.3025909781455995,
      2.302622799873352,
      2.302621624469757,
      2.3025208592414854,
      2.302408061027527,
      2.302563922405243,
      2.302523384094238,
      2.3027038526535035,
      2.3026566982269285,
      2.3026347374916076,
      2.302587778568268,
      2.302508206367493,
      2.3024804401397705,
      2.3025462293624877,
      2.3024766302108763,
      2.302561104297638
    ],