{
  "config": {
    "run_name": "exp1_4",
    "out_dir": "./results",
    "seed": 98417474,
    "device": null,
    "bs_train": 128,
    "bs_test": 32,
    "batches": 100,
    "epochs": 100,
    "early_stopping": 3,
    "checkpoints": null,
    "lr": 0.001,
    "reg": 0.001,
    "filters_per_layer": [
      64,
      128,
      256
    ],
    "pool_every": 6,
    "hidden_dims": [
      100
    ],
    "model_type": "cnn",
    "conv_params": null,
    "pooling_params": null,
    "kw": {},
    "layers_per_block": 2
  },
  "results": {
    "num_epochs": 0,
    "train_loss": [
      2.299829363822937,
      1.987305108308792,
      1.8005331861972809,
      1.68849280834198,
      1.6036469650268554,
      1.5216119027137756,
      1.425004768371582,
      1.3743007397651672,
      1.3232769095897674,
      1.2801672005653382,
      1.2560114252567292,
      1.227977197766304,
      1.1786030751466752,
      1.1692273014783858,
      1.1351858061552047,
      1.1122089838981628,
      1.083695240020752,
      1.0772318720817566,
      1.040820899605751,
      1.0295260387659073,
      1.0069001495838166,
      0.9776041102409363,
      0.9657159048318863,
      0.9307072365283966,
      0.948728798031807,
      0.8912249583005906,
      0.8967886561155319,
      0.8642573618888855,
      0.85484250664711,
      0.8250105535984039,
      0.808500205874443,
      0.7910798275470734,
      0.7720354801416397,
      0.7621692922711373,
      0.7420892089605331,
      0.7261680191755295,
      0.7200689518451691,
      0.7162742584943771,
      0.6822746765613555,
      0.677202340066433,
      0.6304781278967857,
      0.609724303483963,
      0.608214160501957,
      0.6104091650247574,
      0.5926368427276612,
      0.5597745183110238,
      0.5566920292377472,
      0.5350965729355812,
      0.5254966706037522,
      0.522963157594204,
      0.5034342440962791,
      0.4893495526909828,
      0.4772533878684044,
      0.4647906732559204,
      0.45226497620344164,
      0.43599848315119744,
      0.4289060737192631,
      0.41531156897544863,
      0.40872182354331016,
      0.3951072025299072,
      0.39309973433613776,
      0.37284871980547907,
      0.353497107475996,
      0.3686950935423374,
      0.33201538875699044,
      0.3392270912230015,
      0.32372954770922663,
      0.3415138655900955,
      0.32493183493614197,
      0.298645513355732,
      0.3049196325242519,
      0.3041070817410946,
      0.2915630714595318,
      0.3093641038239002,
      0.3134579296410084,
      0.27078684464097025,
      0.26993022337555883,
      0.2678922925889492,
      0.2543595714867115,
      0.2578414578735828,
      0.2712706495821476,
      0.25278890773653984,
      0.2616180211305618,
      0.2506111818552017,
      0.23145950637757778,
      0.23011391945183277,
      0.23363131359219552,
      0.21282288633286953,
      0.22540796346962452,
      0.22011614546179772,
      0.2378361014276743,
      0.2194884020835161,
      0.22668497808277607,
      0.20396738551557064,
      0.22209106713533402,
      0.22613134779036045,
      0.22016223669052123,
      0.20889118023216724,
      0.19614624485373497,
      0.22157264687120914
    ],
    "train_acc": [
      10.96875,
      28.1796875,
      36.03125,
      39.6796875,
      42.8828125,
      46.515625,
      50.0234375,
      52.5,
      53.4921875,
      56.171875,
      57.0,
      58.28125,
      59.8515625,
      60.1328125,
      61.8125,
      62.3828125,
      63.6484375,
      64.046875,
      65.0,
      65.4140625,
      66.8203125,
      68.4765625,
      68.5859375,
      69.703125,
      69.3828125,
      70.828125,
      70.953125,
      72.25,
      73.1328125,
      74.234375,
      74.2734375,
      75.09375,
      75.8359375,
      76.5390625,
      77.1796875,
      77.8359375,
      78.28125,
      78.5,
      79.84375,
      79.9609375,
      81.28125,
      82.796875,
      83.15625,
      83.078125,
      83.578125,
      84.75,
      84.3515625,
      85.875,
      86.0,
      86.6796875,
      87.1171875,
      87.5,
      87.71875,
      88.7890625,
      88.953125,
      89.6015625,
      89.390625,
      89.9453125,
      90.1171875,
      90.8125,
      90.78125,
      91.890625,
      92.5625,
      91.9765625,
      93.0078125,
      92.8125,
      93.5390625,
      92.8671875,
      93.2890625,
      94.25,
      93.796875,
      94.0703125,
      94.5078125,
      94.0859375,
      93.828125,
      95.1484375,
      95.359375,
      95.40625,
      95.78125,
      95.4609375,
      95.140625,
      95.671875,
      95.5,
      95.6328125,
      96.328125,
      96.515625,
      96.5,
      97.0,
      96.609375,
      96.8359375,
      96.1796875,
      96.7265625,
      96.671875,
      97.40625,
      96.7421875,
      96.6484375,
      96.9921875,
      96.890625,
      97.3203125,
      96.75
    ],
    "test_loss": [
      2.234621407985687,
      1.8497075998783112,
      1.7303950321674346,
      1.6420606517791747,
      1.5228379368782043,
      1.4772707414627075,
      1.388831427693367,
      1.3476580625772476,
      1.2788925331830978,
      1.2987763303518296,
      1.2528643435239792,
      1.2444728124141693,
      1.2856246221065522,
      1.2220672994852066,
      1.2707706665992737,
      1.176491248011589,
      1.1953264904022216,
      1.1550445491075516,
      1.1919510304927825,
      1.1418449568748474,
      1.1132871413230896,
      1.101245785355568,
      1.1134154057502748,
      1.1315182662010193,
      1.0656947547197342,
      1.0544593942165374,
      1.093274676799774,
      1.0865614163875579,
      1.0482770520448685,
      1.0469514778256417,
      1.0541489285230636,
      1.0984838145971298,
      1.0440118885040284,
      1.0394412720203399,
      1.0404730319976807,
      1.0486242976784705,
      1.0239656069874763,
      1.0173524665832518,
      1.0935444775223733,
      1.0437242177128792,
      1.03287329941988,
      1.0385595488548278,
      1.1098996993899346,
      1.0698289373517036,
      1.1046588230133056,
      1.1159198987483978,
      1.1224675112962723,
      1.1572773817181587,
      1.142159385085106,
      1.1161566165089607,
      1.1248384201526642,
      1.1291911679506301,
      1.185109766125679,
      1.2061509829759598,
      1.1698724603652955,
      1.222993410527706,
      1.2257942548394203,
      1.2276504057645798,
      1.227975001335144,
      1.2387356412410737,
      1.266479657292366,
      1.2954495108127595,
      1.3262092524766922,
      1.2649213629961014,
      1.3338688454031944,
      1.2916269600391388,
      1.3726808804273605,
      1.3633686217665673,
      1.4320679315924645,
      1.3787478071451187,
      1.4093247294425963,
      1.4022565644979477,
      1.4517671513557433,
      1.3852317270636558,
      1.4199790248274804,
      1.5126280695199967,
      1.502953178882599,
      1.5222505569458007,
      1.579574288725853,
      1.7174909743666649,
      1.5139099153876305,
      1.5560402119159698,
      1.4746912348270416,
      1.5913620328903197,
      1.5645673334598542,
      1.6243796515464783,
      1.575892038345337,
      1.5938832068443298,
      1.5100085839629174,
      1.622713755965233,
      1.6432506424188613,
      1.6127906274795532,
      1.5966530752182007,
      1.7368059116601944,
      1.642506954073906,
      1.560173692703247,
      1.6013728541135788,
      1.6904550170898438,
      1.663032591342926,
      1.6631971836090087
    ],