{
  "config": {
    "run_name": "exp1_4",
    "out_dir": "./results",
    "seed": 155436035,
    "device": null,
    "bs_train": 128,
    "bs_test": 32,
    "batches": 100,
    "epochs": 100,
    "early_stopping": 3,
    "checkpoints": null,
    "lr": 0.001,
    "reg": 0.001,
    "filters_per_layer": [
      32
    ],
    "pool_every": 8,
    "hidden_dims": [
      100
    ],
    "model_type": "cnn",
    "conv_params": null,
    "pooling_params": null,
    "kw": {},
    "layers_per_block": 16
  },
  "results": {
    "num_epochs": 0,
    "train_loss": [
      2.303314542770386,
      2.3031144833564756,
      2.3028343510627747,
      2.3027628779411318,
      2.3025302624702455,
      2.3028474950790407,
      2.302609188556671,
      2.3028202724456786,
      2.302754147052765,
      2.3026377153396607,
      2.302705256938934,
      2.302648215293884,
      2.302794451713562,
      2.3027149748802187,
      2.3026205253601075,
      2.3026165533065797,
      2.302575228214264,
      2.3027050709724426,
      2.30276718378067,
      2.3027016878128053,
      2.3026619791984557,
      2.302712664604187,
      2.302595765590668,
      2.302679204940796,
      2.3026939702033995,
      2.302643666267395,
      2.3026948881149294,
      2.3026697278022765,
      2.3026737809181212,
      2.3027476930618285,
      2.3026679301261903,
      2.3026582336425783,
      2.302627155780792,
      2.302698755264282,
      2.3026490998268128,
      2.3026106548309326,
      2.3027531027793886,
      2.30258323431015,
      2.3025878953933714,
      2.302769341468811,
      2.3026662611961366,
      2.3025123643875123,
      2.302575306892395,
      2.3027954697608948,
      2.3026253247261046,
      2.3026338720321657,
      2.302595202922821,
      2.302738025188446,
      2.3026524496078493,
      2.3026565527915954,
      2.302794649600983,
      2.3026123046875,
      2.3026504707336426,
      2.3027547097206114,
      2.3026426959037782,
      2.3026081347465515,
      2.3026904249191285,
      2.3026404857635496,
      2.3027409887313843,
      2.302638540267944,
      2.3027078437805177,
      2.302645583152771,
      2.3027144742012022,
      2.302560691833496,
      2.3026570224761964,
      2.3025554704666136,
      2.3027914237976073,
      2.3026269102096557,
      2.302673032283783,
      2.302653954029083,
      2.3027171063423157,
      2.3026203727722168,
      2.3026356148719787,
      2.3027032446861266,
      2.302645752429962,
      2.3025207901000977,
      2.3027539587020875,
      2.302750754356384,
      2.302618319988251,
      2.302708055973053,
      2.302714307308197,
      2.302621626853943,
      2.3027138233184816,
      2.3026996803283692,
      2.302440359592438,
      2.302620003223419,
      2.302755882740021,
      2.302694079875946,
      2.30254296541214,
      2.302666780948639,
      2.30290816783905,
      2.3026535749435424,
      2.3026738357543945,
      2.302738091945648,
      2.3026915121078493,
      2.302629644870758,
      2.3026822209358215,
      2.302663586139679,
      2.3026964473724365,
      2.3026704359054566
    ],
    "train_acc": [
      10.1484375,
      9.859375,
      9.796875,
      10.390625,
      10.234375,
      9.7421875,
      10.3046875,
      10.015625,
      9.9296875,
      10.2265625,
      9.765625,
      9.921875,
      9.6484375,
      9.6875,
      10.15625,
      10.0078125,
      10.3203125,
      9.8046875,
      9.9921875,
      10.03125,
      10.3671875,
      9.71875,
      10.375,
      9.9921875,
      10.0078125,
      9.7265625,
      9.90625,
      10.2890625,
      10.328125,
      9.6015625,
      9.9921875,
      10.1640625,
      10.5390625,
      9.9765625,
      9.8828125,
      10.0703125,
      10.0078125,
      9.890625,
      10.046875,
      9.90625,
      9.8203125,
      10.421875,
      10.03125,
      9.828125,
      10.140625,
      10.109375,
      10.0625,
      9.7421875,
      10.2265625,
      10.0546875,
      9.78125,
      10.21875,
      10.1640625,
      9.53125,
      9.921875,
      9.9453125,
      10.171875,
      10.328125,
      9.875,
      10.28125,
      10.109375,
      10.046875,
      9.6953125,
      10.0390625,
      10.015625,
      10.265625,
      10.1796875,
      10.171875,
      9.90625,
      9.921875,
      9.6484375,
      10.21875,
      9.9296875,
      9.4375,
      9.9296875,
      10.5625,
      9.8515625,
      9.9609375,
      10.0234375,
      9.9765625,
      9.59375,
      10.015625,
      9.890625,
      9.609375,
      10.109375,
      10.109375,
      10.0,
      9.984375,
      9.890625,
      10.1328125,
      9.9765625,
      9.734375,
      10.0625,
      10.1640625,
      9.8671875,
      10.4765625,
      9.890625,
      9.9453125,
      10.015625,
      9.96875
    ],
    "test_loss": [
      2.3028683996200563,
      2.3029383492469786,
      2.3027593207359316,
      2.302725946903229,
      2.3030742144584657,
      2.302645735740662,
      2.302855141162872,
      2.302763569355011,
      2.3026656818389895,
      2.3026738429069518,
      2.3027682518959045,
      2.302742645740509,
      2.3027393865585326,
      2.302703754901886,
      2.302685327529907,
      2.3026491355895997,
      2.302708902359009,
      2.302744324207306,
      2.3026901078224182,
      2.3026614570617676,
      2.3026800870895388,
      2.302494561672211,
      2.3025937128067016,
      2.302656280994415,
      2.3026520562171937,
      2.302638533115387,
      2.3027316331863403,
      2.3028317713737487,
      2.302783155441284,
      2.3026271939277647,
      2.302532522678375,
      2.302536005973816,
      2.3025858068466185,
      2.3025690126419067,
      2.3026713228225706,
      2.3026493406295776,
      2.3026356172561644,
      2.3026111721992493,
      2.3026781034469606,
      2.3026393985748292,
      2.3026606178283693,
      2.302708714008331,
      2.3027106404304503,
      2.3025866293907167,
      2.302507462501526,
      2.3026730608940125,
      2.302651641368866,
      2.3025972771644594,
      2.3025980687141416,
      2.3025360226631166,
      2.30258593082428,
      2.3025475335121155,
      2.30258672952652,
      2.3025762462615966,
      2.3026812934875487,
      2.3027428674697874,
      2.3026374530792237,
      2.30247661113739,
      2.3025937485694885,
      2.3025842356681823,
      2.30267028093338,
      2.3025761699676512,
      2.302585496902466,
      2.302664861679077,
      2.302634234428406,
      2.3025871658325197,
      2.3025628519058228,
      2.3024422097206116,
      2.3025437021255493,
      2.302570331096649,
      2.3025408458709715,
      2.302644441127777,
      2.302876303195953,
      2.3028091168403626,
      2.302725684642792,
      2.3029150581359863,
      2.3027424430847168,
      2.3027124404907227,
      2.302694914340973,
      2.3026258754730224,
      2.3025545144081114,
      2.3026972079277037,
      2.302703740596771,
      2.302663788795471,
      2.302869448661804,
      2.302826716899872,
      2.3025279235839844,
      2.3026964116096496,
      2.302944312095642,
      2.303580243587494,
      2.3027402091026308,
      2.3027821469306944,
      2.3025984287261965,
      2.302646894454956,
      2.302586658000946,
      2.3025642657279968,
      2.3025186824798585,
      2.3024884605407716,
      2.3025860714912416,
      2.3026098942756654
    ],