{
  "config": {
    "run_name": "exp1_3",
    "out_dir": "./results",
    "seed": 1602725230,
    "device": null,
    "bs_train": 128,
    "bs_test": 32,
    "batches": 100,
    "epochs": 100,
    "early_stopping": 3,
    "checkpoints": null,
    "lr": 0.001,
    "reg": 0.001,
    "filters_per_layer": [
      64,
      128
    ],
    "pool_every": 2,
    "hidden_dims": [
      100
    ],
    "model_type": "cnn",
    "conv_params": null,
    "pooling_params": null,
    "kw": {},
    "layers_per_block": 2
  },
  "results": {
    "num_epochs": 0,
    "train_loss": [
      2.0042816686630247,
      1.6564357817173003,
      1.534738484621048,
      1.3982630109786987,
      1.3416502690315246,
      1.2543643343448638,
      1.1928684544563293,
      1.1322979789972305,
      1.0975865322351455,
      1.0444222885370253,
      0.9946309512853623,
      0.9674255335330963,
      0.9335080766677857,
      0.8735807204246521,
      0.8726964342594147,
      0.8344638180732727,
      0.7723495501279831,
      0.7753083509206772,
      0.725145075917244,
      0.7034447109699249,
      0.7023815244436264,
      0.6856965500116349,
      0.6679272210597992,
      0.6387697038054466,
      0.6334674137830735,
      0.6262417608499526,
      0.5880303427577018,
      0.5849472883343697,
      0.5486384159326554,
      0.5424980437755584,
      0.5053638434410095,
      0.512394300699234,
      0.49643359482288363,
      0.47178403198719027,
      0.4625349020957947,
      0.4642542827129364,
      0.42807770147919655,
      0.4216189256310463,
      0.40863209530711175,
      0.4150772106647491,
      0.3996970534324646,
      0.36910729750990867,
      0.3776063135266304,
      0.34371417671442034,
      0.349441998898983,
      0.3381123971939087,
      0.341229769140482,
      0.31720745623111724,
      0.30638347372412683,
      0.28549301698803903,
      0.2979392318427563,
      0.29002462670207024,
      0.28091580405831335,
      0.27170473754405977,
      0.28137110084295275,
      0.26216867819428447,
      0.26099327579140663,
      0.2607371491193771,
      0.2330145040899515,
      0.253159549087286,
      0.22875588886439802,
      0.23529683396220208,
      0.22754375897347928,
      0.21931315459311007,
      0.2163876309245825,
      0.20504446513950825,
      0.20928706251084805,
      0.20442565485835076,
      0.2075084264576435,
      0.1915060006082058,
      0.20073551505804063,
      0.20972716122865676,
      0.19206939570605755,
      0.20857034794986248,
      0.20310755036771297,
      0.18156334795057774,
      0.18880809746682645,
      0.18211566410958768,
      0.16357747659087182,
      0.17584586657583715,
      0.1833225279301405,
      0.1654022430628538,
      0.16964676529169082,
      0.17978896651417017,
      0.16490256048738958,
      0.17551293902099133,
      0.16773650765419007,
      0.14817777376621963,
      0.16237497188150882,
      0.15106472484767436,
      0.16162055030465125,
      0.161478326395154,
      0.1563262216001749,
      0.1696033824980259,
      0.1656042443588376,
      0.16258790008723736,
      0.14422432433813812,
      0.15196831755340098,
      0.1560726098716259,
      0.15570919282734394
    ],
    "train_acc": [
      27.9609375,
      41.8515625,
      45.765625,
      50.6640625,
      53.3828125,
      56.53125,
      59.1171875,
      61.515625,
      62.6875,
      64.484375,
      67.0,
      68.5,
      69.15625,
      71.3125,
      71.59375,
      73.1796875,
      74.9921875,
      75.453125,
      77.09375,
      77.96875,
      78.2578125,
      78.3671875,
      79.5703125,
      80.6328125,
      81.0,
      81.2578125,
      82.4453125,
      82.578125,
      83.8828125,
      84.28125,
      85.796875,
      85.484375,
      85.8515625,
      86.984375,
      87.3984375,
      87.4609375,
      88.609375,
      89.28125,
      89.2578125,
      89.15625,
      90.1171875,
      90.96875,
      90.5546875,
      92.1484375,
      91.9296875,
      92.0390625,
      92.0625,
      92.84375,
      93.15625,
      94.0234375,
      93.65625,
      93.8515625,
      94.2578125,
      94.5625,
      94.5390625,
      94.90625,
      94.8203125,
      94.890625,
      95.8125,
      95.078125,
      95.890625,
      95.9140625,
      95.8359375,
      96.0546875,
      96.3359375,
      96.9375,
      96.7578125,
      96.625,
      96.671875,
      97.2109375,
      96.953125,
      96.6484375,
      97.078125,
      96.7734375,
      96.953125,
      97.4453125,
      97.3203125,
      97.453125,
      97.8515625,
      97.65625,
      97.3359375,
      97.7734375,
      97.875,
      97.703125,
      97.921875,
      97.609375,
      97.796875,
      98.21875,
      98.1953125,
      98.1875,
      98.1640625,
      98.1015625,
      98.09375,
      97.9296875,
      98.0703125,
      98.015625,
      98.4453125,
      98.3515625,
      98.359375,
      98.2734375
    ],
    "test_loss": [
      1.7937760853767395,
      1.5472496855258941,
      1.4241595911979674,
      1.373274575471878,
      1.39623579621315,
      1.2100981450080872,
      1.2073461937904357,
      1.1436090505123138,
      1.1092295986413956,
      1.0687024503946305,
      1.0243905401229858,
      0.993629914522171,
      0.9827409809827805,
      0.9470348137617112,
      0.9399690908193589,
      0.9074639195203781,
      0.8900081560015678,
      0.9019478672742843,
      0.9129549178481102,
      0.9085641497373581,
      0.8394011557102203,
      0.8653551995754242,
      0.8489820870757103,
      0.8590695112943649,
      0.895678773522377,
      0.8708100301027298,
      0.8434753760695457,
      0.8577862668037415,
      0.8243230491876602,
      0.7974541798233986,
      0.8705834451317788,
      0.8862955889105797,
      0.8290592038631439,
      0.8458130916953087,
      0.8382908937335014,
      0.907962879538536,
      0.8716759145259857,
      0.870427542924881,
      0.8761082169413567,
      0.8959978637099266,
      0.857224957048893,
      0.8948416417837143,
      0.8467142623662949,
      0.886576181948185,
      0.8847046908736229,
      0.9460871431231499,
      0.8968629547953606,
      0.9508431759476662,
      0.8839181622862816,
      0.9451602104306221,
      0.9533682790398598,
      0.9794252607226371,
      0.9642613381147385,
      1.0004584774374963,
      0.9882603001594543,
      0.9738850492238998,
      0.9733318847417831,
      1.0395135673880578,
      0.9671838706731797,
      0.9509766191244126,
      0.9948136135935783,
      0.9786512136459351,
      1.042469927072525,
      1.0010533544421196,
      0.9971642985939979,
      1.0665693610906601,
      1.0350687730312347,
      1.016894555091858,
      1.0453888684511186,
      1.0467231160402297,
      1.131448941230774,
      1.0775712695717812,
      1.0263647922873498,
      1.0249068289995193,
      1.1031534296274186,
      1.1454814994335174,
      1.1183401408791542,
      1.05529072701931,
      1.0390736337006092,
      1.1760775184631347,
      1.1067683658003806,
      1.1434690630435944,
      1.1027665063738823,
      1.107413338124752,
      1.0864761561155318,
      1.0711179184913635,
      1.040698979496956,
      1.0928494384884835,
      1.077685023546219,
      1.1012631309032441,
      1.1391208136081696,
      1.0960929256677627,
      1.1038157299160958,
      1.1184794729948044,
      1.0921098002791405,
      1.1300912365317344,
      1.147296828329563,
      1.1705289873480798,
      1.1518303620815278,
      1.2000225445628165
    ],