{
  "config": {
    "run_name": "exp1_1",
    "out_dir": "./results",
    "seed": 1586750704,
    "device": null,
    "bs_train": 128,
    "bs_test": 32,
    "batches": 100,
    "epochs": 100,
    "early_stopping": 3,
    "checkpoints": null,
    "lr": 0.001,
    "reg": 0.001,
    "filters_per_layer": [
      64
    ],
    "pool_every": 4,
    "hidden_dims": [
      100
    ],
    "model_type": "cnn",
    "conv_params": null,
    "pooling_params": null,
    "kw": {},
    "layers_per_block": 2
  },
  "results": {
    "num_epochs": 0,
    "train_loss": [
      1.8883395838737487,
      1.5360919880867003,
      1.4142007422447205,
      1.325401952266693,
      1.2590110170841218,
      1.2084878861904145,
      1.1570108073949814,
      1.1436142170429229,
      1.1082559752464294,
      1.0927050250768662,
      1.0814416527748107,
      1.0382601976394654,
      1.0159165012836455,
      0.9970030409097671,
      0.9623463594913483,
      0.9612488371133804,
      0.9333216059207916,
      0.9268840730190278,
      0.898832712173462,
      0.8871350425481797,
      0.8672339916229248,
      0.8176903033256531,
      0.8124588412046433,
      0.7955375498533249,
      0.7917543745040894,
      0.7773236519098282,
      0.7489445531368255,
      0.7381052696704864,
      0.7192674458026886,
      0.6845005065202713,
      0.7074846261739731,
      0.6762129557132721,
      0.6756270840764046,
      0.6589720928668976,
      0.6342324590682984,
      0.6256424942612648,
      0.6074446970224381,
      0.6161429738998413,
      0.5802854922413826,
      0.5793840888142586,
      0.569672275185585,
      0.5504013386368751,
      0.5495457741618156,
      0.5221569302678108,
      0.524396602511406,
      0.505609230697155,
      0.49049871921539306,
      0.507105915248394,
      0.47975784957408907,
      0.47041181176900865,
      0.462423407882452,
      0.44192976981401444,
      0.4414589664340019,
      0.44006176888942716,
      0.4226494035124779,
      0.4233045709133148,
      0.420247545838356,
      0.40761568903923034,
      0.3932449607551098,
      0.37977174371480943,
      0.3739582926034927,
      0.37356688499450685,
      0.3722732113301754,
      0.3766583086550236,
      0.35763450771570204,
      0.33788946866989134,
      0.3346077293157578,
      0.32586231544613836,
      0.34740391314029695,
      0.3361302590370178,
      0.32424851089715956,
      0.3427830049395561,
      0.3153450909256935,
      0.31825291842222214,
      0.2876329644024372,
      0.3041918571293354,
      0.30665642619132993,
      0.29828728049993514,
      0.29617328494787215,
      0.3009414754807949,
      0.2970057030022144,
      0.2781552368402481,
      0.28556017458438876,
      0.2882800817489624,
      0.2759671118855476,
      0.27320390596985816,
      0.25085875272750857,
      0.25345234125852584,
      0.2539199236035347,
      0.26959627225995064,
      0.2567462772130966,
      0.2594961655139923,
      0.2501955856382847,
      0.2441010420024395,
      0.25816824167966845,
      0.2550175331532955,
      0.24367892488837242,
      0.2520340111851692,
      0.23102564983069895,
      0.23892645359039308
    ],
    "train_acc": [
      34.25,
      47.21875,
      51.359375,
      54.4453125,
      57.3828125,
      59.0390625,
      60.9375,
      61.6328125,
      62.875,
      63.6171875,
      63.734375,
      65.65625,
      66.9140625,
      67.578125,
      69.203125,
      68.9765625,
      69.90625,
      70.7890625,
      71.609375,
      72.2421875,
      73.40625,
      74.6484375,
      75.3359375,
      75.609375,
      75.734375,
      77.0625,
      77.6953125,
      78.359375,
      78.9140625,
      80.1953125,
      79.625,
      80.953125,
      80.7421875,
      81.7734375,
      83.0703125,
      82.859375,
      83.390625,
      83.3046875,
      84.7421875,
      84.7890625,
      84.7265625,
      85.890625,
      85.8671875,
      86.8046875,
      86.4609375,
      87.109375,
      88.203125,
      87.4921875,
      88.3359375,
      88.84375,
      89.296875,
      90.140625,
      89.90625,
      90.0390625,
      90.6328125,
      90.671875,
      90.890625,
      91.046875,
      91.515625,
      92.171875,
      92.5625,
      92.40625,
      92.6015625,
      92.3984375,
      92.8203125,
      93.6953125,
      93.7578125,
      93.71875,
      93.140625,
      93.8671875,
      94.2421875,
      93.8828125,
      94.578125,
      94.421875,
      95.3515625,
      94.8203125,
      94.6796875,
      94.9453125,
      95.140625,
      95.3046875,
      94.8125,
      95.5078125,
      95.46875,
      95.5703125,
      95.8671875,
      95.8671875,
      96.4140625,
      96.3515625,
      96.2890625,
      95.9140625,
      96.40625,
      96.5,
      96.546875,
      96.5859375,
      96.234375,
      96.4921875,
      96.5625,
      96.5234375,
      97.203125,
      96.8125
    ],
    "test_loss": [
      1.5792208623886108,
      1.4542378079891205,
      1.3936130452156066,
      1.3068265169858932,
      1.2430310535430908,
      1.2585990923643111,
      1.2171019685268403,
      1.1878052562475205,
      1.2089807051420212,
      1.1952192562818527,
      1.1503625124692918,
      1.1699121087789535,
      1.1341262006759643,
      1.1048179268836975,
      1.1017810475826264,
      1.0984437227249146,
      1.0949430984258652,
      1.0696751773357391,
      1.085542105436325,
      1.0975153160095215,
      1.0768398916721345,
      1.0949795430898666,
      1.1074142575263977,
      1.0988357800245285,
      1.0900939762592317,
      1.0713011825084686,
      1.0945458441972733,
      1.164064905643463,
      1.0781223803758622,
      1.059540621638298,
      1.106917343735695,
      1.0763364166021347,
      1.0652084052562714,
      1.1026009154319762,
      1.1317795938253403,
      1.0996704173088074,
      1.1254901069402694,
      1.1181213963031769,
      1.136089727282524,
      1.111490536928177,
      1.1585854470729828,
      1.1550895941257477,
      1.1986430555582046,
      1.2108934473991395,
      1.1512111243605614,
      1.167974603176117,
      1.1671155947446823,
      1.178922159075737,
      1.2470981407165527,
      1.2189626401662828,
      1.264726641178131,
      1.2727126109600067,
      1.2398438888788224,
      1.2662952882051468,
      1.217104959487915,
      1.199319589138031,
      1.2586332696676255,
      1.2894025880098343,
      1.2679403829574585,
      1.2988914561271667,
      1.296313970685005,
      1.270436942577362,
      1.2718795397877694,
      1.302603308558464,
      1.2765020799636841,
      1.2605768758058549,
      1.2882182401418687,
      1.329175152182579,
      1.3030240416526795,
      1.3154852372407912,
      1.3459632802009582,
      1.351168298125267,
      1.3506892269849777,
      1.4390454930067063,
      1.3813636958599091,
      1.3714804399013518,
      1.3779375594854355,
      1.4353253519535065,
      1.410558733046055,
      1.4012682437896729,
      1.4317180508375167,
      1.4559356325864792,
      1.4432527542114257,
      1.4368037378787994,
      1.3983252245187758,
      1.393108670115471,
      1.4280140316486358,
      1.4549862945079803,
      1.5139775580167771,
      1.4662974572181702,
      1.5111413949728012,
      1.4923842427134515,
      1.5121692204475403,
      1.5326113802194596,
      1.5709642362594605,
      1.50771808385849,
      1.4827590787410736,
      1.4765451437234878,
      1.5119622451066972,
      1.5553190273046493
    ],