{
  "config": {
    "run_name": "exp1_2",
    "out_dir": "./results",
    "seed": 246145376,
    "device": null,
    "bs_train": 128,
    "bs_test": 32,
    "batches": 100,
    "epochs": 100,
    "early_stopping": 3,
    "checkpoints": null,
    "lr": 0.001,
    "reg": 0.001,
    "filters_per_layer": [
      32
    ],
    "pool_every": 2,
    "hidden_dims": [
      100
    ],
    "model_type": "cnn",
    "conv_params": null,
    "pooling_params": null,
    "kw": {},
    "layers_per_block": 4
  },
  "results": {
    "num_epochs": 0,
    "train_loss": [
      2.1348919796943666,
      1.8464159107208251,
      1.6466756248474121,
      1.5673763835430146,
      1.5054448282718658,
      1.423112668991089,
      1.3819880199432373,
      1.3276362669467927,
      1.2875662684440612,
      1.2508052855730056,
      1.2054753023386002,
      1.1876092678308487,
      1.1629771941900253,
      1.122147485613823,
      1.0926112145185471,
      1.070906925201416,
      1.0492742466926575,
      1.0208992600440978,
      0.9927364313602447,
      0.9736581748723984,
      0.9638244032859802,
      0.9498376488685608,
      0.9335659939050674,
      0.9088041031360626,
      0.9087724131345749,
      0.8765741837024689,
      0.8673180770874024,
      0.8510916304588317,
      0.8393084704875946,
      0.8250036376714707,
      0.8228540563583374,
      0.8109443140029907,
      0.7878442710638046,
      0.7943381243944168,
      0.7539350056648254,
      0.7624290478229523,
      0.7613663530349731,
      0.7459884059429168,
      0.7304572689533234,
      0.7141023826599121,
      0.7176113879680633,
      0.7043087461590767,
      0.6979801481962205,
      0.6936071288585662,
      0.6724444371461868,
      0.6596004578471184,
      0.6531424659490586,
      0.6577142000198364,
      0.6449344408512115,
      0.6439247292280197,
      0.6209964293241501,
      0.6309514495730401,
      0.6134596738219261,
      0.6275932541489602,
      0.5953047752380372,
      0.5647406470775604,
      0.582313420176506,
      0.5723092555999756,
      0.5594069641828537,
      0.5633827865123748,
      0.5626729780435562,
      0.5373895081877709,
      0.5371119061112404,
      0.5344936475157738,
      0.5207747468352317,
      0.5001062980294227,
      0.5081676521897316,
      0.5094271618127822,
      0.49184665650129317,
      0.4735091909766197,
      0.49033461093902586,
      0.4791943684220314,
      0.4570456528663635,
      0.45351603627204895,
      0.47110218107700347,
      0.4701886275410652,
      0.4408093252778053,
      0.4310512688755989,
      0.4464240029454231,
      0.4349365708231926,
      0.42068330079317096,
      0.4345253092050552,
      0.41442041367292404,
      0.3990232390165329,
      0.3882985293865204,
      0.39163334280252454,
      0.39228909850120547,
      0.37271086663007735,
      0.37870133846998216,
      0.3788134601712227,
      0.38075646206736563,
      0.36370609745383264,
      0.3742684818804264,
      0.3649688932299614,
      0.3760224612057209,
      0.3557204316556454,
      0.33457744881510737,
      0.34712002277374265,
      0.3364128234982491,
      0.3460095699131489
    ],
    "train_acc": [
      20.890625,
      33.8046875,
      40.8203125,
      43.9140625,
      46.4609375,
      49.0,
      51.21875,
      53.21875,
      54.6640625,
      56.359375,
      58.328125,
      59.1796875,
      59.5,
      61.21875,
      62.1328125,
      63.4765625,
      63.984375,
      65.4140625,
      66.1640625,
      66.7890625,
      68.0546875,
      67.9140625,
      68.6875,
      68.9609375,
      69.5234375,
      70.328125,
      71.1171875,
      71.6640625,
      71.984375,
      72.3671875,
      72.65625,
      72.84375,
      73.75,
      74.0078125,
      75.0,
      74.65625,
      74.953125,
      75.6328125,
      76.3984375,
      76.65625,
      76.3203125,
      77.359375,
      77.6015625,
      77.109375,
      77.9140625,
      78.6953125,
      79.3359375,
      78.6484375,
      79.375,
      79.328125,
      80.15625,
      79.9765625,
      80.859375,
      79.6484375,
      81.4140625,
      82.0078125,
      81.5,
      82.0390625,
      82.1015625,
      82.46875,
      82.7265625,
      83.671875,
      83.453125,
      83.375,
      84.1328125,
      84.9765625,
      84.5859375,
      84.3515625,
      85.21875,
      85.5546875,
      85.265625,
      85.5234375,
      86.53125,
      86.734375,
      85.953125,
      85.84375,
      86.9921875,
      87.4609375,
      86.828125,
      87.140625,
      87.7421875,
      87.5859375,
      87.921875,
      88.859375,
      89.0234375,
      88.75,
      89.0859375,
      89.7890625,
      89.4765625,
      89.6796875,
      89.3671875,
      89.90625,
      90.0546875,
      90.171875,
      89.8203125,
      90.125,
      90.6953125,
      90.625,
      90.6640625,
      90.8359375
    ],
    "test_loss": [
      1.9432944405078887,
      1.7338186228275299,
      1.5621689450740814,
      1.4846414804458619,
      1.4425005906820296,
      1.35288824737072,
      1.3435778331756592,
      1.3567203068733216,
      1.2517279416322709,
      1.2309647208452226,
      1.23892094373703,
      1.197024044394493,
      1.170146143436432,
      1.1574292021989823,
      1.117299840450287,
      1.1167054796218872,
      1.098125165104866,
      1.080691282749176,
      1.0793392127752304,
      1.048931381702423,
      1.0351313722133637,
      1.0500958508253098,
      1.003253117799759,
      0.9955617302656173,
      1.0145841640233995,
      1.014485855102539,
      0.9848247492313384,
      0.9871297761797905,
      0.9780440962314606,
      0.9764113950729371,
      0.9611852878332138,
      0.9477787029743194,
      0.9808821597695351,
      0.955341503918171,
      0.9578630775213242,
      0.9680258351564407,
      0.969028291106224,
      0.9616863983869552,
      0.9275499591231346,
      0.955363645851612,
      0.9293966609239578,
      0.9031273931264877,
      0.9460080608725547,
      0.9350167778134346,
      0.924281747341156,
      0.913011876642704,
      0.949119890332222,
      0.9337881982326508,
      0.921767781674862,
      0.9281988629698753,
      0.9357343086600304,
      0.9323595756292343,
      0.958342199921608,
      0.9285109943151474,
      0.9043103629350662,
      0.9504379418492317,
      0.9529005977511406,
      0.9199273359775543,
      0.92546078145504,
      0.9311820161342621,
      0.954424641430378,
      0.9204976978898048,
      0.9639381778240204,
      0.9436200422048568,
      0.9634001275897026,
      0.9453921723365784,
      0.963758325278759,
      0.9567808672785759,
      0.9996921101212501,
      1.0017551812529564,
      0.9884095564484596,
      0.9941956135630607,
      1.0219379183650017,
      0.9602341318130493,
      0.9920800346136093,
      0.9758174178004265,
      1.0097605845332145,
      0.9924562776088715,
      0.9993402278423309,
      0.9816137924790382,
      1.0142252930998803,
      1.0224124839901925,
      1.0638918858766555,
      1.0287621733546257,
      1.0603989094495774,
      1.0576599854230881,
      1.0491681936383248,
      1.0552303832769394,
      1.0883832281827928,
      1.078244841992855,
      1.071686145067215,
      1.0326053720712662,
      1.0741135250031948,
      1.0930706742405891,
      1.0850884668529033,
      1.1083746254444122,
      1.1026700237393379,
      1.091323569715023,
      1.0917650839686395,
      1.12626769810915
    ],