{
  "config": {
    "run_name": "exp1_2",
    "out_dir": "./results",
    "seed": 134152100,
    "device": null,
    "bs_train": 128,
    "bs_test": 32,
    "batches": 100,
    "epochs": 100,
    "early_stopping": 3,
    "checkpoints": null,
    "lr": 0.001,
    "reg": 0.001,
    "filters_per_layer": [
      64
    ],
    "pool_every": 2,
    "hidden_dims": [
      100
    ],
    "model_type": "cnn",
    "conv_params": null,
    "pooling_params": null,
    "kw": {},
    "layers_per_block": 4
  },
  "results": {
    "num_epochs": 0,
    "train_loss": [
      2.0251013433933256,
      1.7138159656524659,
      1.4816037917137146,
      1.3705789363384246,
      1.2795675551891328,
      1.2081886005401612,
      1.1521541953086853,
      1.1137888270616532,
      1.0766872036457062,
      1.0324371010065079,
      0.9950016862154007,
      0.9650913166999817,
      0.9465318536758422,
      0.911635332107544,
      0.8609172827005387,
      0.8509100013971329,
      0.8497419500350952,
      0.8027051967382431,
      0.7849267005920411,
      0.7588703107833862,
      0.7424909156560898,
      0.7326469051837922,
      0.6855379337072373,
      0.7012608337402344,
      0.6775060233473778,
      0.6529897665977478,
      0.6459491032361985,
      0.6243212848901749,
      0.607084393799305,
      0.6064742743968964,
      0.5933240124583244,
      0.5835801860690117,
      0.5600806611776352,
      0.5514795887470245,
      0.5259356340765953,
      0.5022741085290909,
      0.4948915952444077,
      0.4963733723759651,
      0.47908369660377503,
      0.48725449830293655,
      0.4565559634566307,
      0.44302874475717546,
      0.4244676651060581,
      0.436871652752161,
      0.43872583240270613,
      0.41265955939888954,
      0.39990829840302466,
      0.3801807749271393,
      0.3851724973320961,
      0.3729663364589214,
      0.33902605310082434,
      0.3598558409512043,
      0.3441739203035831,
      0.342378803640604,
      0.32836165487766267,
      0.32766409680247305,
      0.32046478867530825,
      0.31176877617835996,
      0.31264190107584,
      0.3118251068890095,
      0.3004542338848114,
      0.28259712740778925,
      0.2720529593527317,
      0.27813141539692876,
      0.26650517046451566,
      0.2505886195600033,
      0.2595966376364231,
      0.24934482991695403,
      0.24460275955498217,
      0.22797626219689845,
      0.2615071898698807,
      0.23212889917194843,
      0.24183909200131892,
      0.24527649104595184,
      0.21085531368851662,
      0.2373288680613041,
      0.21859518982470036,
      0.21914276510477065,
      0.20842700704932213,
      0.20575821600854396,
      0.19020363695919515,
      0.21023815125226974,
      0.21680186375975607,
      0.21943908862769604,
      0.1901284096390009,
      0.19418282695114614,
      0.2156422471255064,
      0.18892670869827272,
      0.18193191282451152,
      0.19992254368960857,
      0.1916007037460804,
      0.17427578307688235,
      0.1851138001680374,
      0.18145907945930959,
      0.17401812933385372,
      0.18214727513492107,
      0.1716133277118206,
      0.1533334817737341,
      0.1885650347918272,
      0.17039655670523643
    ],
    "train_acc": [
      26.7578125,
      39.2109375,
      48.0859375,
      52.203125,
      55.15625,
      58.5,
      61.0234375,
      62.1796875,
      63.703125,
      65.2421875,
      66.796875,
      67.796875,
      68.359375,
      70.078125,
      71.75,
      71.8828125,
      72.4140625,
      74.078125,
      74.671875,
      75.6875,
      76.1875,
      76.609375,
      78.421875,
      77.765625,
      78.8359375,
      79.796875,
      79.875,
      80.921875,
      81.1953125,
      81.375,
      82.046875,
      82.375,
      82.7109375,
      83.7109375,
      84.5625,
      85.5859375,
      85.7109375,
      85.890625,
      86.75,
      85.9765625,
      87.1328125,
      87.703125,
      88.421875,
      88.0625,
      87.8515625,
      88.6328125,
      89.4921875,
      89.9609375,
      89.8671875,
      90.5859375,
      91.5390625,
      91.2109375,
      91.515625,
      91.484375,
      92.1015625,
      92.3359375,
      92.609375,
      92.8984375,
      92.3515625,
      92.875,
      92.8828125,
      93.8671875,
      93.9375,
      94.0,
      94.0390625,
      94.9921875,
      94.71875,
      94.9296875,
      95.078125,
      95.7109375,
      94.46875,
      95.375,
      95.1875,
      95.1328125,
      96.171875,
      95.7890625,
      95.8828125,
      96.0,
      96.25,
      96.6484375,
      96.7734375,
      96.3515625,
      96.171875,
      96.109375,
      96.96875,
      96.828125,
      96.109375,
      96.765625,
      97.03125,
      96.6875,
      96.7890625,
      97.234375,
      97.3203125,
      97.234375,
      97.4296875,
      97.3828125,
      97.53125,
      97.859375,
      97.234375,
      97.6015625
    ],
    "test_loss": [
      1.8032340562343598,
      1.5884047269821167,
      1.4195839285850524,
      1.2958613073825835,
      1.2478328549861908,
      1.1831874471902848,
      1.1163015639781952,
      1.1214284467697144,
      1.1148963314294815,
      1.0422798895835876,
      1.0190323770046235,
      1.0924962598085404,
      0.9714302694797516,
      0.9538942760229111,
      0.9711948478221893,
      0.956348682641983,
      0.8998070842027664,
      0.9195525759458542,
      0.9663790613412857,
      0.8895991891622543,
      0.917190523147583,
      0.9011720597743988,
      0.879019179046154,
      0.8891384652256966,
      0.8430260196328163,
      0.8565412628650665,
      0.8523032659292221,
      0.83824743360281,
      0.860151976943016,
      0.8339368137717247,
      0.8507732471823692,
      0.8461202543973922,
      0.8528657111525536,
      0.833084274828434,
      0.8575511187314987,
      0.8682171741127968,
      0.8993164220452309,
      0.8438946875929833,
      0.8824401035904884,
      0.8546052888035774,
      0.8668677979707717,
      0.8450502347946167,
      0.88532366335392,
      0.8556562668085098,
      0.9348623657226562,
      0.8699366334080696,
      0.9000935107469559,
      0.9212071007490158,
      1.0054077789187432,
      0.8787187111377716,
      0.9496018758416176,
      0.9222162061929703,
      0.9364593079686165,
      0.8933668905496597,
      0.933744404911995,
      0.9639636698365212,
      0.9265476649999619,
      0.9217559045553207,
      0.9718253141641617,
      0.9030962729454041,
      0.9860442592203618,
      1.006879894733429,
      1.0139241707324982,
      0.9697504216432571,
      1.0040172126889229,
      1.0074900329113006,
      1.0514403188228607,
      1.0275426897406579,
      1.0513854303956032,
      1.0697885051369667,
      1.006128567159176,
      1.0672478406131267,
      1.1016479197144509,
      1.068151122033596,
      1.1235182547569276,
      1.0493562293052674,
      1.0486265727877617,
      1.1038069559633732,
      1.1470035468041897,
      1.08526920825243,
      1.1564950181543827,
      1.1833718115091323,
      1.0937175658345222,
      1.0576195883750916,
      1.0919794994592666,
      1.1469187763333322,
      1.1275049617886543,
      1.0823846882581711,
      1.1200611007213592,
      1.146918234527111,
      1.1407460635900497,
      1.1504597693681717,
      1.1421129041910172,
      1.2016135054826735,
      1.2344943478703498,
      1.127475327551365,
      1.2424171668291093,
      1.242322796881199,
      1.1316171211004258,
      1.2099683460593225
    ],